index,$schema,width,height,autosize,mark,encoding,data,config
0,https://vega.github.io/schema/vega-lite/v2.json,761,719,fit,bar,,,
1,https://vega.github.io/schema/vega-lite/v2.json,761,719,padding,,,,
2,https://vega.github.io/schema/vega-lite/v2.json,761,719,,,"{'field': 'year', 'type': 'ordinal', 'scale': {'type': 'linear', 'zero': True}}",,
3,https://vega.github.io/schema/vega-lite/v2.json,761,719,,,"{'field': '*', 'type': 'quantitative', 'aggregate': 'count', 'scale': {'type': 'linear', 'zero': True}}",,
4,https://vega.github.io/schema/vega-lite/v2.json,761,719,,,"{'field': 'sex', 'type': 'nominal', 'scale': {'type': 'linear', 'zero': True}}",,
5,https://vega.github.io/schema/vega-lite/v2.json,761,719,,,,"[{'year': 2019, 'sex': 'M'}, {'year': 2018, 'sex': 'M'}, {'year': 2018, 'sex': 'M'}, {'year': 2010, 'sex': 'M'}, {'year': 2010, 'sex': 'M'}, {'year': 2010, 'sex': 'M'}, {'year': 2010, 'sex': 'M'}, {'year': 2017, 'sex': 'M'}, {'year': 2010, 'sex': 'M'}, {'year': 2010, 'sex': 'M'}, {'year': 2010, 'sex': 'M'}, {'year': 2010, 'sex': 'M'}, {'year': 2010, 'sex': 'M'}, {'year': 2010, 'sex': 'M'}, {'year': 2010, 'sex': 'M'}, {'year': 2010, 'sex': 'M'}, {'year': 2010, 'sex': 'M'}, {'year': 2010, 'sex': 'M'}, {'year': 2010, 'sex': 'M'}, {'year': 2010, 'sex': 'M'}, {'year': 2010, 'sex': 'M'}, {'year': 2010, 'sex': 'M'}, {'year': 2010, 'sex': 'M'}, {'year': 2010, 'sex': 'M'}, {'year': 2010, 'sex': 'M'}, {'year': 2010, 'sex': 'M'}, {'year': 2017, 'sex': 'M'}, {'year': 2010, 'sex': 'M'}, {'year': 2010, 'sex': 'M'}, {'year': 2010, 'sex': 'M'}, {'year': 2010, 'sex': 'M'}, {'year': 2010, 'sex': 'M'}, {'year': 2017, 'sex': 'M'}, {'year': 2010, 'sex': 'M'}, {'year': 2010, 'sex': 'M'}, {'year': 2010, 'sex': 'M'}, {'year': 2010, 'sex': 'M'}, {'year': 2010, 'sex': 'M'}, {'year': 2010, 'sex': 'M'}, {'year': 2017, 'sex': 'M'}, {'year': 2010, 'sex': 'M'}, {'year': 2010, 'sex': 'M'}, {'year': 2010, 'sex': 'M'}, {'year': 2010, 'sex': 'M'}, {'year': 2010, 'sex': 'M'}, {'year': 2017, 'sex': 'M'}, {'year': 2010, 'sex': 'M'}, {'year': 2010, 'sex': 'M'}, {'year': 2010, 'sex': 'M'}, {'year': 2010, 'sex': 'M'}, {'year': 2010, 'sex': 'M'}, {'year': 2010, 'sex': 'M'}, {'year': 2010, 'sex': 'M'}, {'year': 2010, 'sex': 'M'}, {'year': 2010, 'sex': 'M'}, {'year': 2010, 'sex': 'M'}, {'year': 2010, 'sex': 'M'}, {'year': 2010, 'sex': 'M'}, {'year': 2010, 'sex': 'M'}, {'year': 2010, 'sex': 'M'}, {'year': 2017, 'sex': 'M'}, {'year': 2009, 'sex': 'M'}, {'year': 2009, 'sex': 'M'}, {'year': 2009, 'sex': 'M'}, {'year': 2009, 'sex': 'M'}, {'year': 2009, 'sex': 'M'}, {'year': 2009, 'sex': 'M'}, {'year': 2009, 'sex': 'M'}, {'year': 2009, 'sex': 'M'}, {'year': 2009, 'sex': 'M'}, {'year': 2009, 'sex': 'M'}, {'year': 2009, 'sex': 'M'}, {'year': 2009, 'sex': 'M'}, {'year': 2009, 'sex': 'M'}, {'year': 2009, 'sex': 'M'}, {'year': 2009, 'sex': 'M'}, {'year': 2009, 'sex': 'M'}, {'year': 2009, 'sex': 'M'}, {'year': 2009, 'sex': 'M'}, {'year': 2009, 'sex': 'M'}, {'year': 2009, 'sex': 'M'}, {'year': 2009, 'sex': 'M'}, {'year': 2009, 'sex': 'M'}, {'year': 2009, 'sex': 'M'}, {'year': 2009, 'sex': 'M'}, {'year': 2009, 'sex': 'M'}, {'year': 2009, 'sex': 'M'}, {'year': 2009, 'sex': 'M'}, {'year': 2017, 'sex': 'M'}, {'year': 2009, 'sex': 'M'}, {'year': 2009, 'sex': 'M'}, {'year': 2009, 'sex': 'M'}, {'year': 2009, 'sex': 'M'}, {'year': 2009, 'sex': 'M'}, {'year': 2009, 'sex': 'M'}, {'year': 2009, 'sex': 'M'}, {'year': 2009, 'sex': 'M'}, {'year': 2009, 'sex': 'M'}, {'year': 2009, 'sex': 'M'}, {'year': 2009, 'sex': 'M'}, {'year': 2009, 'sex': 'M'}, {'year': 2009, 'sex': 'M'}, {'year': 2009, 'sex': 'M'}, {'year': 2009, 'sex': 'M'}, {'year': 2009, 'sex': 'M'}, {'year': 2009, 'sex': 'M'}, {'year': 2009, 'sex': 'M'}, {'year': 2009, 'sex': 'M'}, {'year': 2009, 'sex': 'M'}, {'year': 2009, 'sex': 'M'}, {'year': 2009, 'sex': 'M'}, {'year': 2009, 'sex': 'M'}, {'year': 2009, 'sex': 'M'}, {'year': 2009, 'sex': 'M'}, {'year': 2018, 'sex': 'M'}, {'year': 2009, 'sex': 'M'}, {'year': 2009, 'sex': 'M'}, {'year': 2009, 'sex': 'M'}, {'year': 2009, 'sex': 'M'}, {'year': 2009, 'sex': 'M'}, {'year': 2009, 'sex': 'M'}, {'year': 2009, 'sex': 'M'}, {'year': 2009, 'sex': 'M'}, {'year': 2009, 'sex': 'M'}, {'year': 2008, 'sex': 'M'}, {'year': 2008, 'sex': 'M'}, {'year': 2008, 'sex': 'M'}, {'year': 2008, 'sex': 'M'}, {'year': 2017, 'sex': 'M'}, {'year': 2008, 'sex': 'M'}, {'year': 2008, 'sex': 'M'}, {'year': 2008, 'sex': 'M'}, {'year': 2008, 'sex': 'M'}, {'year': 2008, 'sex': 'M'}, {'year': 2008, 'sex': 'M'}, {'year': 2017, 'sex': 'M'}, {'year': 2008, 'sex': 'M'}, {'year': 2008, 'sex': 'M'}, {'year': 2008, 'sex': 'M'}, {'year': 2008, 'sex': 'M'}, {'year': 2008, 'sex': 'M'}, {'year': 2008, 'sex': 'M'}, {'year': 2008, 'sex': 'M'}, {'year': 2008, 'sex': 'M'}, {'year': 2008, 'sex': 'M'}, {'year': 2008, 'sex': 'M'}, {'year': 2008, 'sex': 'M'}, {'year': 2008, 'sex': 'M'}, {'year': 2008, 'sex': 'M'}, {'year': 2008, 'sex': 'M'}, {'year': 2008, 'sex': 'M'}, {'year': 2008, 'sex': 'M'}, {'year': 2008, 'sex': 'M'}, {'year': 2008, 'sex': 'M'}, {'year': 2008, 'sex': 'M'}, {'year': 2008, 'sex': 'M'}, {'year': 2008, 'sex': 'M'}, {'year': 2008, 'sex': 'M'}, {'year': 2008, 'sex': 'M'}, {'year': 2008, 'sex': 'M'}, {'year': 2017, 'sex': 'M'}, {'year': 2008, 'sex': 'M'}, {'year': 2008, 'sex': 'M'}, {'year': 2008, 'sex': 'M'}, {'year': 2008, 'sex': 'M'}, {'year': 2008, 'sex': 'M'}, {'year': 2008, 'sex': 'M'}, {'year': 2008, 'sex': 'M'}, {'year': 2008, 'sex': 'M'}, {'year': 2008, 'sex': 'M'}, {'year': 2008, 'sex': 'M'}, {'year': 2008, 'sex': 'M'}, {'year': 2018, 'sex': 'M'}, {'year': 2017, 'sex': 'M'}, {'year': 2008, 'sex': 'M'}, {'year': 2008, 'sex': 'M'}, {'year': 2008, 'sex': 'M'}, {'year': 2008, 'sex': 'M'}, {'year': 2008, 'sex': 'M'}, {'year': 2008, 'sex': 'M'}, {'year': 2008, 'sex': 'M'}, {'year': 2008, 'sex': 'M'}, {'year': 2008, 'sex': 'M'}, {'year': 2008, 'sex': 'M'}, {'year': 2008, 'sex': 'M'}, {'year': 2008, 'sex': 'M'}, {'year': 2008, 'sex': 'M'}, {'year': 2008, 'sex': 'M'}, {'year': 2008, 'sex': 'M'}, {'year': 2008, 'sex': 'M'}, {'year': 2008, 'sex': 'M'}, {'year': 2008, 'sex': 'M'}, {'year': 2008, 'sex': 'M'}, {'year': 2008, 'sex': 'M'}, {'year': 2008, 'sex': 'M'}, {'year': 2008, 'sex': 'M'}, {'year': 2008, 'sex': 'M'}, {'year': 2017, 'sex': 'M'}, {'year': 2008, 'sex': 'M'}, {'year': 2008, 'sex': 'M'}, {'year': 2008, 'sex': 'M'}, {'year': 2008, 'sex': 'M'}, {'year': 2008, 'sex': 'M'}, {'year': 2008, 'sex': 'M'}, {'year': 2007, 'sex': 'M'}, {'year': 2007, 'sex': 'M'}, {'year': 2007, 'sex': 'M'}, {'year': 2007, 'sex': 'M'}, {'year': 2007, 'sex': 'M'}, {'year': 2007, 'sex': 'M'}, {'year': 2007, 'sex': 'M'}, {'year': 2007, 'sex': 'M'}, {'year': 2007, 'sex': 'M'}, {'year': 2007, 'sex': 'M'}, {'year': 2007, 'sex': 'M'}, {'year': 2017, 'sex': 'M'}, {'year': 2007, 'sex': 'M'}, {'year': 2007, 'sex': 'M'}, {'year': 2017, 'sex': 'M'}, {'year': 2007, 'sex': 'M'}, {'year': 2007, 'sex': 'M'}, {'year': 2007, 'sex': 'M'}, {'year': 2007, 'sex': 'M'}, {'year': 2007, 'sex': 'M'}, {'year': 2007, 'sex': 'M'}, {'year': 2007, 'sex': 'M'}, {'year': 2007, 'sex': 'M'}, {'year': 2007, 'sex': 'M'}, {'year': 2007, 'sex': 'M'}, {'year': 2007, 'sex': 'M'}, {'year': 2007, 'sex': 'M'}, {'year': 2007, 'sex': 'M'}, {'year': 2007, 'sex': 'M'}, {'year': 2007, 'sex': 'M'}, {'year': 2007, 'sex': 'M'}, {'year': 2007, 'sex': 'M'}, {'year': 2007, 'sex': 'M'}, {'year': 2007, 'sex': 'M'}, {'year': 2007, 'sex': 'M'}, {'year': 2007, 'sex': 'M'}, {'year': 2007, 'sex': 'M'}, {'year': 2007, 'sex': 'M'}, {'year': 2007, 'sex': 'M'}, {'year': 2017, 'sex': 'M'}, {'year': 2007, 'sex': 'M'}, {'year': 2007, 'sex': 'M'}, {'year': 2007, 'sex': 'M'}, {'year': 2007, 'sex': 'M'}, {'year': 2007, 'sex': 'M'}, {'year': 2017, 'sex': 'M'}, {'year': 2007, 'sex': 'M'}, {'year': 2007, 'sex': 'M'}, {'year': 2007, 'sex': 'M'}, {'year': 2007, 'sex': 'M'}, {'year': 2007, 'sex': 'M'}, {'year': 2007, 'sex': 'M'}, {'year': 2007, 'sex': 'M'}, {'year': 2007, 'sex': 'M'}, {'year': 2007, 'sex': 'M'}, {'year': 2007, 'sex': 'M'}, {'year': 2007, 'sex': 'M'}, {'year': 2017, 'sex': 'M'}, {'year': 2007, 'sex': 'M'}, {'year': 2007, 'sex': 'M'}, {'year': 2006, 'sex': 'M'}, {'year': 2006, 'sex': 'M'}, {'year': 2006, 'sex': 'M'}, {'year': 2006, 'sex': 'M'}, {'year': 2006, 'sex': 'M'}, {'year': 2006, 'sex': 'M'}, {'year': 2006, 'sex': 'M'}, {'year': 2006, 'sex': 'M'}, {'year': 2006, 'sex': 'M'}, {'year': 2006, 'sex': 'M'}, {'year': 2017, 'sex': 'M'}, {'year': 2006, 'sex': 'M'}, {'year': 2006, 'sex': 'M'}, {'year': 2006, 'sex': 'M'}, {'year': 2006, 'sex': 'M'}, {'year': 2006, 'sex': 'M'}, {'year': 2006, 'sex': 'M'}, {'year': 2006, 'sex': 'M'}, {'year': 2006, 'sex': 'M'}, {'year': 2006, 'sex': 'M'}, {'year': 2006, 'sex': 'M'}, {'year': 2006, 'sex': 'M'}, {'year': 2006, 'sex': 'M'}, {'year': 2006, 'sex': 'M'}, {'year': 2006, 'sex': 'M'}, {'year': 2006, 'sex': 'M'}, {'year': 2006, 'sex': 'M'}, {'year': 2006, 'sex': 'M'}, {'year': 2006, 'sex': 'M'}, {'year': 2006, 'sex': 'M'}, {'year': 2006, 'sex': 'M'}, {'year': 2006, 'sex': 'M'}, {'year': 2006, 'sex': 'M'}, {'year': 2006, 'sex': 'M'}, {'year': 2006, 'sex': 'M'}, {'year': 2006, 'sex': 'M'}, {'year': 2006, 'sex': 'M'}, {'year': 2017, 'sex': 'M'}, {'year': 2006, 'sex': 'M'}, {'year': 2006, 'sex': 'M'}, {'year': 2006, 'sex': 'M'}, {'year': 2006, 'sex': 'M'}, {'year': 2006, 'sex': 'M'}, {'year': 2006, 'sex': 'M'}, {'year': 2006, 'sex': 'M'}, {'year': 2006, 'sex': 'M'}, {'year': 2006, 'sex': 'M'}, {'year': 2006, 'sex': 'M'}, {'year': 2006, 'sex': 'M'}, {'year': 2006, 'sex': 'M'}, {'year': 2006, 'sex': 'M'}, {'year': 2006, 'sex': 'M'}, {'year': 2006, 'sex': 'M'}, {'year': 2006, 'sex': 'M'}, {'year': 2006, 'sex': 'M'}, {'year': 2006, 'sex': 'M'}, {'year': 2006, 'sex': 'M'}, {'year': 2005, 'sex': 'M'}, {'year': 2005, 'sex': 'M'}, {'year': 2005, 'sex': 'M'}, {'year': 2005, 'sex': 'M'}, {'year': 2005, 'sex': 'M'}, {'year': 2005, 'sex': 'M'}, {'year': 2005, 'sex': 'M'}, {'year': 2017, 'sex': 'M'}, {'year': 2005, 'sex': 'M'}, {'year': 2005, 'sex': 'M'}, {'year': 2005, 'sex': 'M'}, {'year': 2005, 'sex': 'M'}, {'year': 2005, 'sex': 'M'}, {'year': 2005, 'sex': 'M'}, {'year': 2005, 'sex': 'M'}, {'year': 2005, 'sex': 'M'}, {'year': 2017, 'sex': 'M'}, {'year': 2005, 'sex': 'M'}, {'year': 2005, 'sex': 'M'}, {'year': 2005, 'sex': 'M'}, {'year': 2005, 'sex': 'M'}, {'year': 2005, 'sex': 'M'}, {'year': 2005, 'sex': 'M'}, {'year': 2005, 'sex': 'M'}, {'year': 2005, 'sex': 'M'}, {'year': 2005, 'sex': 'M'}, {'year': 2005, 'sex': 'M'}, {'year': 2005, 'sex': 'M'}, {'year': 2005, 'sex': 'M'}, {'year': 2005, 'sex': 'M'}, {'year': 2005, 'sex': 'M'}, {'year': 2005, 'sex': 'M'}, {'year': 2018, 'sex': 'M'}, {'year': 2005, 'sex': 'M'}, {'year': 2005, 'sex': 'M'}, {'year': 2005, 'sex': 'M'}, {'year': 2005, 'sex': 'M'}, {'year': 2005, 'sex': 'M'}, {'year': 2005, 'sex': 'M'}, {'year': 2005, 'sex': 'M'}, {'year': 2005, 'sex': 'M'}, {'year': 2005, 'sex': 'M'}, {'year': 2017, 'sex': 'M'}, {'year': 2005, 'sex': 'M'}, {'year': 2005, 'sex': 'M'}, {'year': 2005, 'sex': 'M'}, {'year': 2005, 'sex': 'M'}, {'year': 2005, 'sex': 'M'}, {'year': 2017, 'sex': 'M'}, {'year': 2005, 'sex': 'M'}, {'year': 2005, 'sex': 'M'}, {'year': 2005, 'sex': 'M'}, {'year': 2005, 'sex': 'M'}, {'year': 2005, 'sex': 'M'}, {'year': 2005, 'sex': 'M'}, {'year': 2005, 'sex': 'M'}, {'year': 2005, 'sex': 'M'}, {'year': 2005, 'sex': 'M'}, {'year': 2005, 'sex': 'M'}, {'year': 2005, 'sex': 'M'}, {'year': 2005, 'sex': 'M'}, {'year': 2004, 'sex': 'M'}, {'year': 2004, 'sex': 'M'}, {'year': 2004, 'sex': 'M'}, {'year': 2004, 'sex': 'M'}, {'year': 2004, 'sex': 'M'}, {'year': 2004, 'sex': 'M'}, {'year': 2004, 'sex': 'M'}, {'year': 2004, 'sex': 'M'}, {'year': 2004, 'sex': 'M'}, {'year': 2004, 'sex': 'M'}, {'year': 2004, 'sex': 'M'}, {'year': 2004, 'sex': 'M'}, {'year': 2004, 'sex': 'M'}, {'year': 2004, 'sex': 'M'}, {'year': 2004, 'sex': 'M'}, {'year': 2004, 'sex': 'M'}, {'year': 2004, 'sex': 'M'}, {'year': 2004, 'sex': 'M'}, {'year': 2004, 'sex': 'M'}, {'year': 2004, 'sex': 'M'}, {'year': 2017, 'sex': 'M'}, {'year': 2004, 'sex': 'M'}, {'year': 2004, 'sex': 'M'}, {'year': 2004, 'sex': 'M'}, {'year': 2004, 'sex': 'M'}, {'year': 2004, 'sex': 'M'}, {'year': 2004, 'sex': 'M'}, {'year': 2004, 'sex': 'M'}, {'year': 2017, 'sex': 'M'}, {'year': 2004, 'sex': 'M'}, {'year': 2004, 'sex': 'M'}, {'year': 2004, 'sex': 'M'}, {'year': 2004, 'sex': 'M'}, {'year': 2004, 'sex': 'M'}, {'year': 2004, 'sex': 'M'}, {'year': 2004, 'sex': 'M'}, {'year': 2004, 'sex': 'M'}, {'year': 2004, 'sex': 'M'}, {'year': 2004, 'sex': 'M'}, {'year': 2004, 'sex': 'M'}, {'year': 2004, 'sex': 'M'}, {'year': 2004, 'sex': 'M'}, {'year': 2004, 'sex': 'M'}, {'year': 2004, 'sex': 'M'}, {'year': 2004, 'sex': 'M'}, {'year': 2017, 'sex': 'M'}, {'year': 2004, 'sex': 'M'}, {'year': 2004, 'sex': 'M'}, {'year': 2004, 'sex': 'M'}, {'year': 2004, 'sex': 'M'}, {'year': 2004, 'sex': 'M'}, {'year': 2003, 'sex': 'M'}, {'year': 2003, 'sex': 'M'}, {'year': 2003, 'sex': 'M'}, {'year': 2003, 'sex': 'M'}, {'year': 2017, 'sex': 'M'}, {'year': 2003, 'sex': 'M'}, {'year': 2003, 'sex': 'M'}, {'year': 2003, 'sex': 'M'}, {'year': 2003, 'sex': 'M'}, {'year': 2017, 'sex': 'M'}, {'year': 2003, 'sex': 'M'}, {'year': 2003, 'sex': 'M'}, {'year': 2003, 'sex': 'M'}, {'year': 2003, 'sex': 'M'}, {'year': 2003, 'sex': 'M'}, {'year': 2003, 'sex': 'M'}, {'year': 2003, 'sex': 'M'}, {'year': 2003, 'sex': 'M'}, {'year': 2003, 'sex': 'M'}, {'year': 2003, 'sex': 'M'}, {'year': 2003, 'sex': 'M'}, {'year': 2003, 'sex': 'M'}, {'year': 2003, 'sex': 'M'}, {'year': 2003, 'sex': 'M'}, {'year': 2003, 'sex': 'M'}, {'year': 2003, 'sex': 'M'}, {'year': 2003, 'sex': 'M'}, {'year': 2003, 'sex': 'M'}, {'year': 2003, 'sex': 'M'}, {'year': 2018, 'sex': 'M'}, {'year': 2003, 'sex': 'M'}, {'year': 2003, 'sex': 'M'}, {'year': 2003, 'sex': 'M'}, {'year': 2003, 'sex': 'M'}, {'year': 2003, 'sex': 'M'}, {'year': 2003, 'sex': 'M'}, {'year': 2003, 'sex': 'M'}, {'year': 2003, 'sex': 'M'}, {'year': 2003, 'sex': 'M'}, {'year': 2003, 'sex': 'M'}, {'year': 2003, 'sex': 'M'}, {'year': 2017, 'sex': 'M'}, {'year': 2003, 'sex': 'M'}, {'year': 2003, 'sex': 'M'}, {'year': 2003, 'sex': 'M'}, {'year': 2003, 'sex': 'M'}, {'year': 2003, 'sex': 'M'}, {'year': 2003, 'sex': 'M'}, {'year': 2003, 'sex': 'M'}, {'year': 2003, 'sex': 'M'}, {'year': 2003, 'sex': 'M'}, {'year': 2017, 'sex': 'M'}, {'year': 2003, 'sex': 'M'}, {'year': 2003, 'sex': 'M'}, {'year': 2003, 'sex': 'M'}, {'year': 2003, 'sex': 'M'}, {'year': 2003, 'sex': 'M'}, {'year': 2003, 'sex': 'M'}, {'year': 2003, 'sex': 'M'}, {'year': 2003, 'sex': 'M'}, {'year': 2017, 'sex': 'M'}, {'year': 2003, 'sex': 'M'}, {'year': 2002, 'sex': 'M'}, {'year': 2002, 'sex': 'M'}, {'year': 2002, 'sex': 'M'}, {'year': 2002, 'sex': 'M'}, {'year': 2017, 'sex': 'M'}, {'year': 2002, 'sex': 'M'}, {'year': 2002, 'sex': 'M'}, {'year': 2002, 'sex': 'M'}, {'year': 2002, 'sex': 'M'}, {'year': 2002, 'sex': 'M'}, {'year': 2002, 'sex': 'M'}, {'year': 2002, 'sex': 'M'}, {'year': 2002, 'sex': 'M'}, {'year': 2002, 'sex': 'M'}, {'year': 2002, 'sex': 'M'}, {'year': 2002, 'sex': 'M'}, {'year': 2002, 'sex': 'M'}, {'year': 2002, 'sex': 'M'}, {'year': 2002, 'sex': 'M'}, {'year': 2002, 'sex': 'M'}, {'year': 2002, 'sex': 'M'}, {'year': 2002, 'sex': 'M'}, {'year': 2002, 'sex': 'M'}, {'year': 2002, 'sex': 'M'}, {'year': 2002, 'sex': 'M'}, {'year': 2002, 'sex': 'M'}, {'year': 2002, 'sex': 'M'}, {'year': 2017, 'sex': 'M'}, {'year': 2002, 'sex': 'M'}, {'year': 2002, 'sex': 'M'}, {'year': 2002, 'sex': 'M'}, {'year': 2002, 'sex': 'M'}, {'year': 2002, 'sex': 'M'}, {'year': 2002, 'sex': 'M'}, {'year': 2002, 'sex': 'M'}, {'year': 2002, 'sex': 'M'}, {'year': 2002, 'sex': 'M'}, {'year': 2002, 'sex': 'M'}, {'year': 2002, 'sex': 'M'}, {'year': 2002, 'sex': 'M'}, {'year': 2002, 'sex': 'M'}, {'year': 2018, 'sex': 'M'}, {'year': 2017, 'sex': 'M'}, {'year': 2002, 'sex': 'M'}, {'year': 2002, 'sex': 'M'}, {'year': 2002, 'sex': 'M'}, {'year': 2002, 'sex': 'M'}, {'year': 2002, 'sex': 'M'}, {'year': 2002, 'sex': 'M'}, {'year': 2002, 'sex': 'M'}, {'year': 2002, 'sex': 'M'}, {'year': 2002, 'sex': 'M'}, {'year': 2002, 'sex': 'M'}, {'year': 2002, 'sex': 'M'}, {'year': 2002, 'sex': 'M'}, {'year': 2002, 'sex': 'M'}, {'year': 2002, 'sex': 'M'}, {'year': 2002, 'sex': 'M'}, {'year': 2002, 'sex': 'M'}, {'year': 2002, 'sex': 'M'}, {'year': 2002, 'sex': 'M'}, {'year': 2002, 'sex': 'M'}, {'year': 2002, 'sex': 'M'}, {'year': 2002, 'sex': 'M'}, {'year': 2002, 'sex': 'M'}, {'year': 2002, 'sex': 'M'}, {'year': 2002, 'sex': 'M'}, {'year': 2002, 'sex': 'M'}, {'year': 2001, 'sex': 'M'}, {'year': 2001, 'sex': 'M'}, {'year': 2001, 'sex': 'M'}, {'year': 2001, 'sex': 'M'}, {'year': 2001, 'sex': 'M'}, {'year': 2001, 'sex': 'M'}, {'year': 2001, 'sex': 'M'}, {'year': 2001, 'sex': 'M'}, {'year': 2001, 'sex': 'M'}, {'year': 2001, 'sex': 'M'}, {'year': 2001, 'sex': 'M'}, {'year': 2001, 'sex': 'M'}, {'year': 2001, 'sex': 'M'}, {'year': 2001, 'sex': 'M'}, {'year': 2001, 'sex': 'M'}, {'year': 2001, 'sex': 'M'}, {'year': 2001, 'sex': 'M'}, {'year': 2001, 'sex': 'M'}, {'year': 2001, 'sex': 'M'}, {'year': 2001, 'sex': 'M'}, {'year': 2001, 'sex': 'M'}, {'year': 2001, 'sex': 'M'}, {'year': 2001, 'sex': 'M'}, {'year': 2001, 'sex': 'M'}, {'year': 2001, 'sex': 'M'}, {'year': 2017, 'sex': 'M'}, {'year': 2001, 'sex': 'M'}, {'year': 2001, 'sex': 'M'}, {'year': 2001, 'sex': 'M'}, {'year': 2001, 'sex': 'M'}, {'year': 2017, 'sex': 'M'}, {'year': 2001, 'sex': 'M'}, {'year': 2001, 'sex': 'M'}, {'year': 2001, 'sex': 'M'}, {'year': 2001, 'sex': 'M'}, {'year': 2001, 'sex': 'M'}, {'year': 2001, 'sex': 'M'}, {'year': 2001, 'sex': 'M'}, {'year': 2001, 'sex': 'M'}, {'year': 2001, 'sex': 'M'}, {'year': 2001, 'sex': 'M'}, {'year': 2001, 'sex': 'M'}, {'year': 2001, 'sex': 'M'}, {'year': 2001, 'sex': 'M'}, {'year': 2018, 'sex': 'M'}, {'year': 2001, 'sex': 'M'}, {'year': 2001, 'sex': 'M'}, {'year': 2001, 'sex': 'M'}, {'year': 2001, 'sex': 'M'}, {'year': 2001, 'sex': 'M'}, {'year': 2001, 'sex': 'M'}, {'year': 2001, 'sex': 'M'}, {'year': 2001, 'sex': 'M'}, {'year': 2001, 'sex': 'M'}, {'year': 2001, 'sex': 'M'}, {'year': 2000, 'sex': 'M'}, {'year': 2000, 'sex': 'M'}, {'year': 2000, 'sex': 'M'}, {'year': 2000, 'sex': 'M'}, {'year': 2000, 'sex': 'M'}, {'year': 2000, 'sex': 'M'}, {'year': 2000, 'sex': 'M'}, {'year': 2000, 'sex': 'M'}, {'year': 2000, 'sex': 'M'}, {'year': 2000, 'sex': 'M'}, {'year': 2017, 'sex': 'M'}, {'year': 2000, 'sex': 'M'}, {'year': 2000, 'sex': 'M'}, {'year': 2000, 'sex': 'M'}, {'year': 2000, 'sex': 'M'}, {'year': 2000, 'sex': 'M'}, {'year': 2000, 'sex': 'M'}, {'year': 2000, 'sex': 'M'}, {'year': 2000, 'sex': 'M'}, {'year': 2000, 'sex': 'M'}, {'year': 2000, 'sex': 'M'}, {'year': 2000, 'sex': 'M'}, {'year': 2000, 'sex': 'M'}, {'year': 2000, 'sex': 'M'}, {'year': 2000, 'sex': 'M'}, {'year': 2000, 'sex': 'M'}, {'year': 2000, 'sex': 'M'}, {'year': 2017, 'sex': 'M'}, {'year': 2000, 'sex': 'M'}, {'year': 2000, 'sex': 'M'}, {'year': 2000, 'sex': 'M'}, {'year': 2000, 'sex': 'M'}, {'year': 2000, 'sex': 'M'}, {'year': 2000, 'sex': 'M'}, {'year': 2000, 'sex': 'M'}, {'year': 2000, 'sex': 'M'}, {'year': 2000, 'sex': 'M'}, {'year': 2000, 'sex': 'M'}, {'year': 2000, 'sex': 'M'}, {'year': 2000, 'sex': 'M'}, {'year': 2017, 'sex': 'M'}, {'year': 2000, 'sex': 'M'}, {'year': 2000, 'sex': 'M'}, {'year': 2017, 'sex': 'M'}, {'year': 2000, 'sex': 'M'}, {'year': 2000, 'sex': 'M'}, {'year': 2000, 'sex': 'M'}, {'year': 2000, 'sex': 'M'}, {'year': 2000, 'sex': 'M'}, {'year': 2000, 'sex': 'M'}, {'year': 2000, 'sex': 'M'}, {'year': 2000, 'sex': 'M'}, {'year': 2000, 'sex': 'M'}, {'year': 2017, 'sex': 'M'}, {'year': 2000, 'sex': 'M'}, {'year': 2000, 'sex': 'M'}, {'year': 2000, 'sex': 'M'}, {'year': 2000, 'sex': 'M'}, {'year': 2000, 'sex': 'M'}, {'year': 2017, 'sex': 'M'}, {'year': 1999, 'sex': 'M'}, {'year': 1999, 'sex': 'M'}, {'year': 1999, 'sex': 'M'}, {'year': 1999, 'sex': 'M'}, {'year': 1999, 'sex': 'M'}, {'year': 1999, 'sex': 'M'}, {'year': 1999, 'sex': 'M'}, {'year': 1999, 'sex': 'M'}, {'year': 1999, 'sex': 'M'}, {'year': 1999, 'sex': 'M'}, {'year': 1999, 'sex': 'M'}, {'year': 1999, 'sex': 'M'}, {'year': 1999, 'sex': 'M'}, {'year': 1999, 'sex': 'M'}, {'year': 1999, 'sex': 'M'}, {'year': 1999, 'sex': 'M'}, {'year': 1999, 'sex': 'M'}, {'year': 1999, 'sex': 'M'}, {'year': 1999, 'sex': 'M'}, {'year': 1999, 'sex': 'M'}, {'year': 1999, 'sex': 'M'}, {'year': 1999, 'sex': 'M'}, {'year': 1999, 'sex': 'M'}, {'year': 1999, 'sex': 'M'}, {'year': 1999, 'sex': 'M'}, {'year': 1999, 'sex': 'M'}, {'year': 1999, 'sex': 'M'}, {'year': 2017, 'sex': 'M'}, {'year': 1999, 'sex': 'M'}, {'year': 1999, 'sex': 'M'}, {'year': 1999, 'sex': 'M'}, {'year': 1999, 'sex': 'M'}, {'year': 1999, 'sex': 'M'}, {'year': 1999, 'sex': 'M'}, {'year': 1999, 'sex': 'M'}, {'year': 1999, 'sex': 'M'}, {'year': 1999, 'sex': 'M'}, {'year': 2017, 'sex': 'M'}, {'year': 1999, 'sex': 'M'}, {'year': 1999, 'sex': 'M'}, {'year': 1999, 'sex': 'M'}, {'year': 1999, 'sex': 'M'}, {'year': 2017, 'sex': 'M'}, {'year': 1999, 'sex': 'M'}, {'year': 1999, 'sex': 'M'}, {'year': 1998, 'sex': 'M'}, {'year': 1998, 'sex': 'M'}, {'year': 1998, 'sex': 'M'}, {'year': 1998, 'sex': 'M'}, {'year': 1998, 'sex': 'M'}, {'year': 1998, 'sex': 'M'}, {'year': 1998, 'sex': 'M'}, {'year': 1998, 'sex': 'M'}, {'year': 1998, 'sex': 'M'}, {'year': 1998, 'sex': 'M'}, {'year': 2018, 'sex': 'M'}, {'year': 1998, 'sex': 'M'}, {'year': 1998, 'sex': 'M'}, {'year': 1998, 'sex': 'M'}, {'year': 1998, 'sex': 'M'}, {'year': 1998, 'sex': 'M'}, {'year': 1998, 'sex': 'M'}, {'year': 1998, 'sex': 'M'}, {'year': 1998, 'sex': 'M'}, {'year': 1998, 'sex': 'M'}, {'year': 1998, 'sex': 'M'}, {'year': 1998, 'sex': 'M'}, {'year': 1998, 'sex': 'M'}, {'year': 1998, 'sex': 'M'}, {'year': 2017, 'sex': 'M'}, {'year': 1998, 'sex': 'M'}, {'year': 1998, 'sex': 'M'}, {'year': 1998, 'sex': 'M'}, {'year': 1998, 'sex': 'M'}, {'year': 1998, 'sex': 'M'}, {'year': 1998, 'sex': 'M'}, {'year': 1998, 'sex': 'M'}, {'year': 1998, 'sex': 'M'}, {'year': 1998, 'sex': 'M'}, {'year': 2017, 'sex': 'M'}, {'year': 1998, 'sex': 'M'}, {'year': 1998, 'sex': 'M'}, {'year': 1998, 'sex': 'M'}, {'year': 1998, 'sex': 'M'}, {'year': 1998, 'sex': 'M'}, {'year': 1998, 'sex': 'M'}, {'year': 1998, 'sex': 'M'}, {'year': 1998, 'sex': 'M'}, {'year': 1998, 'sex': 'M'}, {'year': 1998, 'sex': 'M'}, {'year': 1998, 'sex': 'M'}, {'year': 2017, 'sex': 'M'}, {'year': 1997, 'sex': 'M'}, {'year': 1997, 'sex': 'M'}, {'year': 1997, 'sex': 'M'}, {'year': 1997, 'sex': 'M'}, {'year': 1997, 'sex': 'M'}, {'year': 2017, 'sex': 'M'}, {'year': 1997, 'sex': 'M'}, {'year': 1997, 'sex': 'M'}, {'year': 1997, 'sex': 'M'}, {'year': 1997, 'sex': 'M'}, {'year': 1997, 'sex': 'M'}, {'year': 1997, 'sex': 'M'}, {'year': 1997, 'sex': 'M'}, {'year': 1997, 'sex': 'M'}, {'year': 1997, 'sex': 'M'}, {'year': 1997, 'sex': 'M'}, {'year': 1997, 'sex': 'M'}, {'year': 1997, 'sex': 'M'}, {'year': 1997, 'sex': 'M'}, {'year': 2017, 'sex': 'M'}, {'year': 1997, 'sex': 'M'}, {'year': 1997, 'sex': 'M'}, {'year': 1997, 'sex': 'M'}, {'year': 1997, 'sex': 'M'}, {'year': 1997, 'sex': 'M'}, {'year': 1997, 'sex': 'M'}, {'year': 1997, 'sex': 'M'}, {'year': 1997, 'sex': 'M'}, {'year': 1997, 'sex': 'M'}, {'year': 1997, 'sex': 'M'}, {'year': 1997, 'sex': 'M'}, {'year': 1997, 'sex': 'M'}, {'year': 1997, 'sex': 'M'}, {'year': 2017, 'sex': 'M'}, {'year': 1997, 'sex': 'M'}, {'year': 1997, 'sex': 'M'}, {'year': 1997, 'sex': 'M'}, {'year': 1996, 'sex': 'M'}, {'year': 1996, 'sex': 'M'}, {'year': 1996, 'sex': 'M'}, {'year': 1996, 'sex': 'M'}, {'year': 2016, 'sex': 'M'}, {'year': 1996, 'sex': 'M'}, {'year': 1996, 'sex': 'M'}, {'year': 1996, 'sex': 'M'}, {'year': 1996, 'sex': 'M'}, {'year': 1996, 'sex': 'M'}, {'year': 1996, 'sex': 'M'}, {'year': 1996, 'sex': 'M'}, {'year': 1996, 'sex': 'M'}, {'year': 1996, 'sex': 'M'}, {'year': 1996, 'sex': 'M'}, {'year': 1996, 'sex': 'M'}, {'year': 1996, 'sex': 'M'}, {'year': 1996, 'sex': 'M'}, {'year': 1996, 'sex': 'M'}, {'year': 2016, 'sex': 'M'}, {'year': 1996, 'sex': 'M'}, {'year': 1996, 'sex': 'M'}, {'year': 1996, 'sex': 'M'}, {'year': 1996, 'sex': 'M'}, {'year': 1996, 'sex': 'M'}, {'year': 1996, 'sex': 'M'}, {'year': 2016, 'sex': 'M'}, {'year': 1996, 'sex': 'M'}, {'year': 1996, 'sex': 'M'}, {'year': 1996, 'sex': 'M'}, {'year': 1996, 'sex': 'M'}, {'year': 1996, 'sex': 'M'}, {'year': 1996, 'sex': 'M'}, {'year': 1996, 'sex': 'M'}, {'year': 1995, 'sex': 'M'}, {'year': 1995, 'sex': 'M'}, {'year': 1995, 'sex': 'M'}, {'year': 1995, 'sex': 'M'}, {'year': 1995, 'sex': 'M'}, {'year': 2016, 'sex': 'M'}, {'year': 1995, 'sex': 'M'}, {'year': 1995, 'sex': 'M'}, {'year': 1995, 'sex': 'M'}, {'year': 1995, 'sex': 'M'}, {'year': 1995, 'sex': 'M'}, {'year': 1995, 'sex': 'M'}, {'year': 1995, 'sex': 'M'}, {'year': 2016, 'sex': 'M'}, {'year': 1995, 'sex': 'M'}, {'year': 1995, 'sex': 'M'}, {'year': 1995, 'sex': 'M'}, {'year': 1995, 'sex': 'M'}, {'year': 1995, 'sex': 'M'}, {'year': 1995, 'sex': 'M'}, {'year': 1995, 'sex': 'M'}, {'year': 1995, 'sex': 'M'}, {'year': 2018, 'sex': 'M'}, {'year': 2016, 'sex': 'M'}, {'year': 1995, 'sex': 'M'}, {'year': 1995, 'sex': 'M'}, {'year': 1995, 'sex': 'M'}, {'year': 1995, 'sex': 'M'}, {'year': 1995, 'sex': 'M'}, {'year': 1995, 'sex': 'M'}, {'year': 1995, 'sex': 'M'}, {'year': 1984, 'sex': 'M'}, {'year': 1995, 'sex': 'M'}, {'year': 1995, 'sex': 'M'}, {'year': 2016, 'sex': 'M'}, {'year': 1995, 'sex': 'M'}, {'year': 1995, 'sex': 'M'}, {'year': 1995, 'sex': 'M'}, {'year': 1995, 'sex': 'M'}, {'year': 1995, 'sex': 'M'}, {'year': 1995, 'sex': 'M'}, {'year': 2016, 'sex': 'M'}, {'year': 1995, 'sex': 'M'}, {'year': 1995, 'sex': 'M'}, {'year': 1995, 'sex': 'M'}, {'year': 1995, 'sex': 'M'}, {'year': 2016, 'sex': 'M'}, {'year': 1995, 'sex': 'M'}, {'year': 1995, 'sex': 'M'}, {'year': 1994, 'sex': 'M'}, {'year': 2016, 'sex': 'M'}, {'year': 1994, 'sex': 'M'}, {'year': 1994, 'sex': 'M'}, {'year': 1994, 'sex': 'M'}, {'year': 1994, 'sex': 'M'}, {'year': 1994, 'sex': 'M'}, {'year': 1994, 'sex': 'M'}, {'year': 1994, 'sex': 'M'}, {'year': 1994, 'sex': 'M'}, {'year': 1994, 'sex': 'M'}, {'year': 1994, 'sex': 'M'}, {'year': 1994, 'sex': 'M'}, {'year': 1994, 'sex': 'M'}, {'year': 1994, 'sex': 'M'}, {'year': 1994, 'sex': 'M'}, {'year': 1994, 'sex': 'M'}, {'year': 1994, 'sex': 'M'}, {'year': 1994, 'sex': 'M'}, {'year': 2016, 'sex': 'M'}, {'year': 1994, 'sex': 'M'}, {'year': 1994, 'sex': 'M'}, {'year': 1994, 'sex': 'M'}, {'year': 1994, 'sex': 'M'}, {'year': 2018, 'sex': 'M'}, {'year': 2016, 'sex': 'M'}, {'year': 1994, 'sex': 'M'}, {'year': 1993, 'sex': 'M'}, {'year': 1993, 'sex': 'M'}, {'year': 1993, 'sex': 'M'}, {'year': 2016, 'sex': 'M'}, {'year': 1993, 'sex': 'M'}, {'year': 1993, 'sex': 'M'}, {'year': 1993, 'sex': 'M'}, {'year': 1993, 'sex': 'M'}, {'year': 1993, 'sex': 'M'}, {'year': 1993, 'sex': 'M'}, {'year': 1993, 'sex': 'M'}, {'year': 2016, 'sex': 'M'}, {'year': 1993, 'sex': 'M'}, {'year': 1993, 'sex': 'M'}, {'year': 2016, 'sex': 'M'}, {'year': 1993, 'sex': 'M'}, {'year': 1993, 'sex': 'M'}, {'year': 1993, 'sex': 'M'}, {'year': 1993, 'sex': 'M'}, {'year': 1993, 'sex': 'M'}, {'year': 2016, 'sex': 'M'}, {'year': 1993, 'sex': 'M'}, {'year': 1993, 'sex': 'M'}, {'year': 1993, 'sex': 'M'}, {'year': 2016, 'sex': 'M'}, {'year': 1993, 'sex': 'M'}, {'year': 1993, 'sex': 'M'}, {'year': 1993, 'sex': 'M'}, {'year': 1993, 'sex': 'M'}, {'year': 1992, 'sex': 'M'}, {'year': 2016, 'sex': 'M'}, {'year': 1992, 'sex': 'M'}, {'year': 1992, 'sex': 'M'}, {'year': 1992, 'sex': 'M'}, {'year': 1992, 'sex': 'M'}, {'year': 1992, 'sex': 'M'}, {'year': 1992, 'sex': 'M'}, {'year': 1992, 'sex': 'M'}, {'year': 1992, 'sex': 'M'}, {'year': 1992, 'sex': 'M'}, {'year': 1992, 'sex': 'M'}, {'year': 2016, 'sex': 'M'}, {'year': 1992, 'sex': 'M'}, {'year': 1992, 'sex': 'M'}, {'year': 1992, 'sex': 'M'}, {'year': 1992, 'sex': 'M'}, {'year': 1992, 'sex': 'M'}, {'year': 1992, 'sex': 'M'}, {'year': 1992, 'sex': 'M'}, {'year': 1992, 'sex': 'M'}, {'year': 1992, 'sex': 'M'}, {'year': 1992, 'sex': 'M'}, {'year': 1992, 'sex': 'M'}, {'year': 1992, 'sex': 'M'}, {'year': 1992, 'sex': 'M'}, {'year': 1992, 'sex': 'M'}, {'year': 1992, 'sex': 'M'}, {'year': 1991, 'sex': 'M'}, {'year': 1991, 'sex': 'M'}, {'year': 1991, 'sex': 'M'}, {'year': 1991, 'sex': 'M'}, {'year': 1991, 'sex': 'M'}, {'year': 1991, 'sex': 'M'}, {'year': 1991, 'sex': 'M'}, {'year': 2016, 'sex': 'M'}, {'year': 1991, 'sex': 'M'}, {'year': 1991, 'sex': 'M'}, {'year': 1991, 'sex': 'M'}, {'year': 1991, 'sex': 'M'}, {'year': 1991, 'sex': 'M'}, {'year': 1991, 'sex': 'M'}, {'year': 1991, 'sex': 'M'}, {'year': 1991, 'sex': 'M'}, {'year': 1991, 'sex': 'M'}, {'year': 1991, 'sex': 'M'}, {'year': 1991, 'sex': 'M'}, {'year': 1991, 'sex': 'M'}, {'year': 1991, 'sex': 'M'}, {'year': 1991, 'sex': 'M'}, {'year': 1991, 'sex': 'M'}, {'year': 1991, 'sex': 'M'}, {'year': 1990, 'sex': 'M'}, {'year': 1990, 'sex': 'M'}, {'year': 1990, 'sex': 'M'}, {'year': 1990, 'sex': 'M'}, {'year': 1990, 'sex': 'M'}, {'year': 2016, 'sex': 'M'}, {'year': 1990, 'sex': 'M'}, {'year': 1990, 'sex': 'M'}, {'year': 1990, 'sex': 'M'}, {'year': 1990, 'sex': 'M'}, {'year': 1990, 'sex': 'M'}, {'year': 1990, 'sex': 'M'}, {'year': 1990, 'sex': 'M'}, {'year': 2016, 'sex': 'M'}, {'year': 1990, 'sex': 'M'}, {'year': 1990, 'sex': 'M'}, {'year': 1990, 'sex': 'M'}, {'year': 1990, 'sex': 'M'}, {'year': 1990, 'sex': 'M'}, {'year': 1990, 'sex': 'M'}, {'year': 1990, 'sex': 'M'}, {'year': 1990, 'sex': 'M'}, {'year': 1990, 'sex': 'M'}, {'year': 1990, 'sex': 'M'}, {'year': 2016, 'sex': 'M'}, {'year': 1989, 'sex': 'M'}, {'year': 1989, 'sex': 'M'}, {'year': 1989, 'sex': 'M'}, {'year': 1989, 'sex': 'M'}, {'year': 2018, 'sex': 'M'}, {'year': 2016, 'sex': 'M'}, {'year': 1989, 'sex': 'M'}, {'year': 1989, 'sex': 'M'}, {'year': 1989, 'sex': 'M'}, {'year': 1989, 'sex': 'M'}, {'year': 1989, 'sex': 'M'}, {'year': 1989, 'sex': 'M'}, {'year': 2016, 'sex': 'M'}, {'year': 1989, 'sex': 'M'}, {'year': 1989, 'sex': 'M'}, {'year': 1989, 'sex': 'M'}, {'year': 1989, 'sex': 'M'}, {'year': 1989, 'sex': 'M'}, {'year': 1989, 'sex': 'M'}, {'year': 1989, 'sex': 'M'}, {'year': 2016, 'sex': 'M'}, {'year': 1989, 'sex': 'M'}, {'year': 1989, 'sex': 'M'}, {'year': 1989, 'sex': 'M'}, {'year': 1989, 'sex': 'M'}, {'year': 2016, 'sex': 'M'}, {'year': 1989, 'sex': 'M'}, {'year': 1989, 'sex': 'M'}, {'year': 1989, 'sex': 'M'}, {'year': 1989, 'sex': 'M'}, {'year': 2016, 'sex': 'M'}, {'year': 1989, 'sex': 'M'}, {'year': 1989, 'sex': 'M'}, {'year': 1988, 'sex': 'M'}, {'year': 1988, 'sex': 'M'}, {'year': 1988, 'sex': 'M'}, {'year': 2016, 'sex': 'M'}, {'year': 1988, 'sex': 'M'}, {'year': 1988, 'sex': 'M'}, {'year': 1988, 'sex': 'M'}, {'year': 1988, 'sex': 'M'}, {'year': 1988, 'sex': 'M'}, {'year': 1988, 'sex': 'M'}, {'year': 1988, 'sex': 'M'}, {'year': 2016, 'sex': 'M'}, {'year': 1988, 'sex': 'M'}, {'year': 1988, 'sex': 'M'}, {'year': 1988, 'sex': 'M'}, {'year': 1988, 'sex': 'M'}, {'year': 1988, 'sex': 'M'}, {'year': 2016, 'sex': 'M'}, {'year': 1988, 'sex': 'M'}, {'year': 1988, 'sex': 'M'}, {'year': 1988, 'sex': 'M'}, {'year': 1988, 'sex': 'M'}, {'year': 1988, 'sex': 'M'}, {'year': 1988, 'sex': 'M'}, {'year': 1988, 'sex': 'M'}, {'year': 1988, 'sex': 'M'}, {'year': 1988, 'sex': 'M'}, {'year': 1988, 'sex': 'M'}, {'year': 2016, 'sex': 'M'}, {'year': 1988, 'sex': 'M'}, {'year': 1988, 'sex': 'M'}, {'year': 1988, 'sex': 'M'}, {'year': 1988, 'sex': 'M'}, {'year': 2016, 'sex': 'M'}, {'year': 1987, 'sex': 'M'}, {'year': 1987, 'sex': 'M'}, {'year': 1987, 'sex': 'M'}, {'year': 1987, 'sex': 'M'}, {'year': 1987, 'sex': 'M'}, {'year': 2016, 'sex': 'M'}, {'year': 1987, 'sex': 'M'}, {'year': 1987, 'sex': 'M'}, {'year': 1987, 'sex': 'M'}, {'year': 1987, 'sex': 'M'}, {'year': 1987, 'sex': 'M'}, {'year': 2016, 'sex': 'M'}, {'year': 1987, 'sex': 'M'}, {'year': 1987, 'sex': 'M'}, {'year': 1987, 'sex': 'M'}, {'year': 1987, 'sex': 'M'}, {'year': 1987, 'sex': 'M'}, {'year': 1987, 'sex': 'M'}, {'year': 1986, 'sex': 'M'}, {'year': 1986, 'sex': 'M'}, {'year': 1986, 'sex': 'M'}, {'year': 1986, 'sex': 'M'}, {'year': 2016, 'sex': 'M'}, {'year': 1986, 'sex': 'M'}, {'year': 1986, 'sex': 'M'}, {'year': 1986, 'sex': 'M'}, {'year': 1986, 'sex': 'M'}, {'year': 1986, 'sex': 'M'}, {'year': 1986, 'sex': 'M'}, {'year': 1986, 'sex': 'M'}, {'year': 1986, 'sex': 'M'}, {'year': 1986, 'sex': 'M'}, {'year': 1986, 'sex': 'M'}, {'year': 1986, 'sex': 'M'}, {'year': 1986, 'sex': 'M'}, {'year': 1986, 'sex': 'M'}, {'year': 1986, 'sex': 'M'}, {'year': 1986, 'sex': 'M'}, {'year': 1985, 'sex': 'M'}, {'year': 1985, 'sex': 'M'}, {'year': 2016, 'sex': 'M'}, {'year': 1985, 'sex': 'M'}, {'year': 1985, 'sex': 'M'}, {'year': 1985, 'sex': 'M'}, {'year': 1985, 'sex': 'M'}, {'year': 1985, 'sex': 'M'}, {'year': 1985, 'sex': 'M'}, {'year': 1985, 'sex': 'M'}, {'year': 1985, 'sex': 'M'}, {'year': 1985, 'sex': 'M'}, {'year': 1985, 'sex': 'M'}, {'year': 1985, 'sex': 'M'}, {'year': 1985, 'sex': 'M'}, {'year': 1985, 'sex': 'M'}, {'year': 1985, 'sex': 'M'}, {'year': 1984, 'sex': 'M'}, {'year': 1984, 'sex': 'M'}, {'year': 1984, 'sex': 'M'}, {'year': 1984, 'sex': 'M'}, {'year': 1984, 'sex': 'M'}, {'year': 1984, 'sex': 'M'}, {'year': 1984, 'sex': 'M'}, {'year': 1984, 'sex': 'M'}, {'year': 2016, 'sex': 'M'}, {'year': 1984, 'sex': 'M'}, {'year': 1984, 'sex': 'M'}, {'year': 1984, 'sex': 'M'}, {'year': 1984, 'sex': 'M'}, {'year': 1984, 'sex': 'M'}, {'year': 1984, 'sex': 'M'}, {'year': 1983, 'sex': 'M'}, {'year': 1983, 'sex': 'M'}, {'year': 1983, 'sex': 'M'}, {'year': 1983, 'sex': 'M'}, {'year': 1983, 'sex': 'M'}, {'year': 2016, 'sex': 'M'}, {'year': 1983, 'sex': 'M'}, {'year': 1983, 'sex': 'M'}, {'year': 1983, 'sex': 'M'}, {'year': 1983, 'sex': 'M'}, {'year': 1983, 'sex': 'M'}, {'year': 2016, 'sex': 'M'}, {'year': 1983, 'sex': 'M'}, {'year': 1983, 'sex': 'M'}, {'year': 1983, 'sex': 'M'}, {'year': 1983, 'sex': 'M'}, {'year': 1983, 'sex': 'M'}, {'year': 1983, 'sex': 'M'}, {'year': 1983, 'sex': 'M'}, {'year': 1983, 'sex': 'M'}, {'year': 2016, 'sex': 'M'}, {'year': 1983, 'sex': 'M'}, {'year': 1983, 'sex': 'M'}, {'year': 1983, 'sex': 'M'}, {'year': 1983, 'sex': 'M'}, {'year': 1983, 'sex': 'M'}, {'year': 1983, 'sex': 'M'}, {'year': 2016, 'sex': 'M'}, {'year': 1983, 'sex': 'M'}, {'year': 1983, 'sex': 'M'}, {'year': 1983, 'sex': 'M'}, {'year': 1983, 'sex': 'M'}, {'year': 2018, 'sex': 'M'}, {'year': 2016, 'sex': 'M'}, {'year': 1982, 'sex': 'M'}, {'year': 1982, 'sex': 'M'}, {'year': 1982, 'sex': 'M'}, {'year': 1982, 'sex': 'M'}, {'year': 1982, 'sex': 'M'}, {'year': 1982, 'sex': 'M'}, {'year': 2016, 'sex': 'M'}, {'year': 1982, 'sex': 'M'}, {'year': 1982, 'sex': 'M'}, {'year': 1982, 'sex': 'M'}, {'year': 1982, 'sex': 'M'}, {'year': 1982, 'sex': 'M'}, {'year': 1982, 'sex': 'M'}, {'year': 1982, 'sex': 'M'}, {'year': 1982, 'sex': 'M'}, {'year': 1982, 'sex': 'M'}, {'year': 1982, 'sex': 'M'}, {'year': 1982, 'sex': 'M'}, {'year': 1982, 'sex': 'M'}, {'year': 2016, 'sex': 'M'}, {'year': 1981, 'sex': 'M'}, {'year': 1981, 'sex': 'M'}, {'year': 1981, 'sex': 'M'}, {'year': 1981, 'sex': 'M'}, {'year': 1981, 'sex': 'M'}, {'year': 1981, 'sex': 'M'}, {'year': 1981, 'sex': 'M'}, {'year': 1981, 'sex': 'M'}, {'year': 1981, 'sex': 'M'}, {'year': 1981, 'sex': 'M'}, {'year': 1981, 'sex': 'M'}, {'year': 2016, 'sex': 'M'}, {'year': 1981, 'sex': 'M'}, {'year': 1981, 'sex': 'M'}, {'year': 1981, 'sex': 'M'}, {'year': 1981, 'sex': 'M'}, {'year': 1981, 'sex': 'M'}, {'year': 1981, 'sex': 'M'}, {'year': 1981, 'sex': 'M'}, {'year': 1981, 'sex': 'M'}, {'year': 2016, 'sex': 'M'}, {'year': 1981, 'sex': 'M'}, {'year': 1981, 'sex': 'M'}, {'year': 1981, 'sex': 'M'}, {'year': 1981, 'sex': 'M'}, {'year': 1980, 'sex': 'M'}, {'year': 1980, 'sex': 'M'}, {'year': 1980, 'sex': 'M'}, {'year': 1980, 'sex': 'M'}, {'year': 1980, 'sex': 'M'}, {'year': 1980, 'sex': 'M'}, {'year': 2016, 'sex': 'M'}, {'year': 1980, 'sex': 'M'}, {'year': 1980, 'sex': 'M'}, {'year': 1980, 'sex': 'M'}, {'year': 1980, 'sex': 'M'}, {'year': 1980, 'sex': 'M'}, {'year': 1980, 'sex': 'M'}, {'year': 1980, 'sex': 'M'}, {'year': 1980, 'sex': 'M'}, {'year': 1980, 'sex': 'M'}, {'year': 1979, 'sex': 'M'}, {'year': 1979, 'sex': 'M'}, {'year': 1979, 'sex': 'M'}, {'year': 1979, 'sex': 'M'}, {'year': 2016, 'sex': 'M'}, {'year': 1979, 'sex': 'M'}, {'year': 1979, 'sex': 'M'}, {'year': 1979, 'sex': 'M'}, {'year': 1979, 'sex': 'M'}, {'year': 1979, 'sex': 'M'}, {'year': 1979, 'sex': 'M'}, {'year': 1979, 'sex': 'M'}, {'year': 1979, 'sex': 'M'}, {'year': 1979, 'sex': 'M'}, {'year': 1979, 'sex': 'M'}, {'year': 2016, 'sex': 'M'}, {'year': 1978, 'sex': 'M'}, {'year': 1978, 'sex': 'M'}, {'year': 1978, 'sex': 'M'}, {'year': 1978, 'sex': 'M'}, {'year': 1978, 'sex': 'M'}, {'year': 1978, 'sex': 'M'}, {'year': 1978, 'sex': 'M'}, {'year': 1978, 'sex': 'M'}, {'year': 1978, 'sex': 'M'}, {'year': 1978, 'sex': 'M'}, {'year': 1978, 'sex': 'M'}, {'year': 1978, 'sex': 'M'}, {'year': 1977, 'sex': 'M'}, {'year': 1977, 'sex': 'M'}, {'year': 1977, 'sex': 'M'}, {'year': 1977, 'sex': 'M'}, {'year': 1977, 'sex': 'M'}, {'year': 1977, 'sex': 'M'}, {'year': 1977, 'sex': 'M'}, {'year': 1977, 'sex': 'M'}, {'year': 1977, 'sex': 'M'}, {'year': 1977, 'sex': 'M'}, {'year': 2016, 'sex': 'M'}, {'year': 1977, 'sex': 'M'}, {'year': 1977, 'sex': 'M'}, {'year': 1977, 'sex': 'M'}, {'year': 1977, 'sex': 'M'}, {'year': 1977, 'sex': 'M'}, {'year': 1976, 'sex': 'M'}, {'year': 1976, 'sex': 'M'}, {'year': 1976, 'sex': 'M'}, {'year': 1976, 'sex': 'M'}, {'year': 2016, 'sex': 'M'}, {'year': 1976, 'sex': 'M'}, {'year': 1976, 'sex': 'M'}, {'year': 1976, 'sex': 'M'}, {'year': 1976, 'sex': 'M'}, {'year': 1976, 'sex': 'M'}, {'year': 1976, 'sex': 'M'}, {'year': 1976, 'sex': 'M'}, {'year': 2016, 'sex': 'M'}, {'year': 1976, 'sex': 'M'}, {'year': 1976, 'sex': 'M'}, {'year': 1976, 'sex': 'M'}, {'year': 1976, 'sex': 'M'}, {'year': 1976, 'sex': 'M'}, {'year': 2016, 'sex': 'M'}, {'year': 1976, 'sex': 'M'}, {'year': 2016, 'sex': 'M'}, {'year': 1975, 'sex': 'M'}, {'year': 1975, 'sex': 'M'}, {'year': 1975, 'sex': 'M'}, {'year': 1975, 'sex': 'M'}, {'year': 1975, 'sex': 'M'}, {'year': 1975, 'sex': 'M'}, {'year': 1975, 'sex': 'M'}, {'year': 1975, 'sex': 'M'}, {'year': 1975, 'sex': 'M'}, {'year': 1975, 'sex': 'M'}, {'year': 1975, 'sex': 'M'}, {'year': 1975, 'sex': 'M'}, {'year': 1975, 'sex': 'M'}, {'year': 1975, 'sex': 'M'}, {'year': 1975, 'sex': 'M'}, {'year': 2016, 'sex': 'M'}, {'year': 1975, 'sex': 'M'}, {'year': 1975, 'sex': 'M'}, {'year': 1975, 'sex': 'M'}, {'year': 1975, 'sex': 'M'}, {'year': 1975, 'sex': 'M'}, {'year': 1975, 'sex': 'M'}, {'year': 1975, 'sex': 'M'}, {'year': 1975, 'sex': 'M'}, {'year': 2016, 'sex': 'M'}, {'year': 1975, 'sex': 'M'}, {'year': 1975, 'sex': 'M'}, {'year': 1975, 'sex': 'M'}, {'year': 1975, 'sex': 'M'}, {'year': 1975, 'sex': 'M'}, {'year': 1975, 'sex': 'M'}, {'year': 2016, 'sex': 'M'}, {'year': 1974, 'sex': 'M'}, {'year': 1974, 'sex': 'M'}, {'year': 1974, 'sex': 'M'}, {'year': 1974, 'sex': 'M'}, {'year': 1974, 'sex': 'M'}, {'year': 1974, 'sex': 'M'}, {'year': 1974, 'sex': 'M'}, {'year': 1974, 'sex': 'M'}, {'year': 2018, 'sex': 'M'}, {'year': 1974, 'sex': 'M'}, {'year': 1974, 'sex': 'M'}, {'year': 1974, 'sex': 'M'}, {'year': 1974, 'sex': 'M'}, {'year': 1974, 'sex': 'M'}, {'year': 1974, 'sex': 'M'}, {'year': 1974, 'sex': 'M'}, {'year': 1974, 'sex': 'M'}, {'year': 1974, 'sex': 'M'}, {'year': 1974, 'sex': 'M'}, {'year': 1974, 'sex': 'M'}, {'year': 1974, 'sex': 'M'}, {'year': 1974, 'sex': 'M'}, {'year': 2016, 'sex': 'M'}, {'year': 1974, 'sex': 'M'}, {'year': 1974, 'sex': 'M'}, {'year': 1974, 'sex': 'M'}, {'year': 1974, 'sex': 'M'}, {'year': 1973, 'sex': 'M'}, {'year': 1973, 'sex': 'M'}, {'year': 1973, 'sex': 'M'}, {'year': 1973, 'sex': 'M'}, {'year': 1973, 'sex': 'M'}, {'year': 1973, 'sex': 'M'}, {'year': 1973, 'sex': 'M'}, {'year': 1973, 'sex': 'M'}, {'year': 1973, 'sex': 'M'}, {'year': 1973, 'sex': 'M'}, {'year': 1973, 'sex': 'M'}, {'year': 1973, 'sex': 'M'}, {'year': 2016, 'sex': 'M'}, {'year': 1973, 'sex': 'M'}, {'year': 1972, 'sex': 'M'}, {'year': 1972, 'sex': 'M'}, {'year': 1972, 'sex': 'M'}, {'year': 1972, 'sex': 'M'}, {'year': 1972, 'sex': 'M'}, {'year': 1972, 'sex': 'M'}, {'year': 1972, 'sex': 'M'}, {'year': 1972, 'sex': 'M'}, {'year': 2016, 'sex': 'M'}, {'year': 1972, 'sex': 'M'}, {'year': 1972, 'sex': 'M'}, {'year': 1972, 'sex': 'M'}, {'year': 1972, 'sex': 'M'}, {'year': 1972, 'sex': 'M'}, {'year': 1972, 'sex': 'M'}, {'year': 2016, 'sex': 'M'}, {'year': 1972, 'sex': 'M'}, {'year': 1972, 'sex': 'M'}, {'year': 1972, 'sex': 'M'}, {'year': 1972, 'sex': 'M'}, {'year': 1971, 'sex': 'M'}, {'year': 1971, 'sex': 'M'}, {'year': 1971, 'sex': 'M'}, {'year': 1971, 'sex': 'M'}, {'year': 1971, 'sex': 'M'}, {'year': 1971, 'sex': 'M'}, {'year': 1971, 'sex': 'M'}, {'year': 2018, 'sex': 'M'}, {'year': 2016, 'sex': 'M'}, {'year': 1971, 'sex': 'M'}, {'year': 1971, 'sex': 'M'}, {'year': 1971, 'sex': 'M'}, {'year': 1971, 'sex': 'M'}, {'year': 1971, 'sex': 'M'}, {'year': 1971, 'sex': 'M'}, {'year': 1971, 'sex': 'M'}, {'year': 1971, 'sex': 'M'}, {'year': 2016, 'sex': 'M'}, {'year': 1971, 'sex': 'M'}, {'year': 1971, 'sex': 'M'}, {'year': 1970, 'sex': 'M'}, {'year': 1970, 'sex': 'M'}, {'year': 2016, 'sex': 'M'}, {'year': 1970, 'sex': 'M'}, {'year': 1970, 'sex': 'M'}, {'year': 1970, 'sex': 'M'}, {'year': 1970, 'sex': 'M'}, {'year': 1970, 'sex': 'M'}, {'year': 1970, 'sex': 'M'}, {'year': 1970, 'sex': 'M'}, {'year': 1970, 'sex': 'M'}, {'year': 1970, 'sex': 'M'}, {'year': 2016, 'sex': 'M'}, {'year': 1970, 'sex': 'M'}, {'year': 1970, 'sex': 'M'}, {'year': 1970, 'sex': 'M'}, {'year': 1970, 'sex': 'M'}, {'year': 1970, 'sex': 'M'}, {'year': 1970, 'sex': 'M'}, {'year': 1970, 'sex': 'M'}, {'year': 2016, 'sex': 'M'}, {'year': 1970, 'sex': 'M'}, {'year': 1970, 'sex': 'M'}, {'year': 1969, 'sex': 'M'}, {'year': 2016, 'sex': 'M'}, {'year': 1969, 'sex': 'M'}, {'year': 1969, 'sex': 'M'}, {'year': 1969, 'sex': 'M'}, {'year': 1969, 'sex': 'M'}, {'year': 1969, 'sex': 'M'}, {'year': 1969, 'sex': 'M'}, {'year': 1969, 'sex': 'M'}, {'year': 1969, 'sex': 'M'}, {'year': 1969, 'sex': 'M'}, {'year': 1969, 'sex': 'M'}, {'year': 1969, 'sex': 'M'}, {'year': 1969, 'sex': 'M'}, {'year': 1969, 'sex': 'M'}, {'year': 1968, 'sex': 'M'}, {'year': 1968, 'sex': 'M'}, {'year': 1968, 'sex': 'M'}, {'year': 1968, 'sex': 'M'}, {'year': 1968, 'sex': 'M'}, {'year': 2018, 'sex': 'M'}, {'year': 1968, 'sex': 'M'}, {'year': 1968, 'sex': 'M'}, {'year': 1968, 'sex': 'M'}, {'year': 1968, 'sex': 'M'}, {'year': 1968, 'sex': 'M'}, {'year': 1968, 'sex': 'M'}, {'year': 1968, 'sex': 'M'}, {'year': 2016, 'sex': 'M'}, {'year': 1968, 'sex': 'M'}, {'year': 1968, 'sex': 'M'}, {'year': 1968, 'sex': 'M'}, {'year': 1968, 'sex': 'M'}, {'year': 1968, 'sex': 'M'}, {'year': 1968, 'sex': 'M'}, {'year': 2016, 'sex': 'M'}, {'year': 1968, 'sex': 'M'}, {'year': 1968, 'sex': 'M'}, {'year': 1968, 'sex': 'M'}, {'year': 1968, 'sex': 'M'}, {'year': 1968, 'sex': 'M'}, {'year': 1967, 'sex': 'M'}, {'year': 1967, 'sex': 'M'}, {'year': 1967, 'sex': 'M'}, {'year': 1967, 'sex': 'M'}, {'year': 1967, 'sex': 'M'}, {'year': 1967, 'sex': 'M'}, {'year': 1967, 'sex': 'M'}, {'year': 1967, 'sex': 'M'}, {'year': 1967, 'sex': 'M'}, {'year': 1967, 'sex': 'M'}, {'year': 1967, 'sex': 'M'}, {'year': 1967, 'sex': 'M'}, {'year': 1967, 'sex': 'M'}, {'year': 1967, 'sex': 'M'}, {'year': 1967, 'sex': 'M'}, {'year': 1967, 'sex': 'M'}, {'year': 1967, 'sex': 'M'}, {'year': 1967, 'sex': 'M'}, {'year': 1967, 'sex': 'M'}, {'year': 1967, 'sex': 'M'}, {'year': 1967, 'sex': 'M'}, {'year': 1967, 'sex': 'M'}, {'year': 1967, 'sex': 'M'}, {'year': 1967, 'sex': 'M'}, {'year': 1967, 'sex': 'M'}, {'year': 2016, 'sex': 'M'}, {'year': 1967, 'sex': 'M'}, {'year': 1967, 'sex': 'M'}, {'year': 1966, 'sex': 'M'}, {'year': 1966, 'sex': 'M'}, {'year': 1966, 'sex': 'M'}, {'year': 1966, 'sex': 'M'}, {'year': 1966, 'sex': 'M'}, {'year': 1966, 'sex': 'M'}, {'year': 1966, 'sex': 'M'}, {'year': 1966, 'sex': 'M'}, {'year': 1966, 'sex': 'M'}, {'year': 2016, 'sex': 'M'}, {'year': 1966, 'sex': 'M'}, {'year': 1966, 'sex': 'M'}, {'year': 1966, 'sex': 'M'}, {'year': 1966, 'sex': 'M'}, {'year': 1966, 'sex': 'M'}, {'year': 2016, 'sex': 'M'}, {'year': 1966, 'sex': 'M'}, {'year': 1966, 'sex': 'M'}, {'year': 1966, 'sex': 'M'}, {'year': 1966, 'sex': 'M'}, {'year': 1966, 'sex': 'M'}, {'year': 1966, 'sex': 'M'}, {'year': 1966, 'sex': 'M'}, {'year': 1966, 'sex': 'M'}, {'year': 1966, 'sex': 'M'}, {'year': 1966, 'sex': 'M'}, {'year': 1966, 'sex': 'M'}, {'year': 1966, 'sex': 'M'}, {'year': 1966, 'sex': 'M'}, {'year': 1966, 'sex': 'M'}, {'year': 1966, 'sex': 'M'}, {'year': 1966, 'sex': 'M'}, {'year': 2015, 'sex': 'M'}, {'year': 1965, 'sex': 'M'}, {'year': 1965, 'sex': 'M'}, {'year': 1965, 'sex': 'M'}, {'year': 1965, 'sex': 'M'}, {'year': 1965, 'sex': 'M'}, {'year': 2015, 'sex': 'M'}, {'year': 1965, 'sex': 'M'}, {'year': 1965, 'sex': 'M'}, {'year': 1965, 'sex': 'M'}, {'year': 1965, 'sex': 'M'}, {'year': 1965, 'sex': 'M'}, {'year': 2015, 'sex': 'M'}, {'year': 1965, 'sex': 'M'}, {'year': 1965, 'sex': 'M'}, {'year': 2015, 'sex': 'M'}, {'year': 1965, 'sex': 'M'}, {'year': 1965, 'sex': 'M'}, {'year': 1965, 'sex': 'M'}, {'year': 1965, 'sex': 'M'}, {'year': 1965, 'sex': 'M'}, {'year': 1965, 'sex': 'M'}, {'year': 1965, 'sex': 'M'}, {'year': 1965, 'sex': 'M'}, {'year': 1965, 'sex': 'M'}, {'year': 1965, 'sex': 'M'}, {'year': 1965, 'sex': 'M'}, {'year': 2015, 'sex': 'M'}, {'year': 1964, 'sex': 'M'}, {'year': 1964, 'sex': 'M'}, {'year': 1964, 'sex': 'M'}, {'year': 1964, 'sex': 'M'}, {'year': 1964, 'sex': 'M'}, {'year': 1964, 'sex': 'M'}, {'year': 1964, 'sex': 'M'}, {'year': 1964, 'sex': 'M'}, {'year': 1964, 'sex': 'M'}, {'year': 1964, 'sex': 'M'}, {'year': 1964, 'sex': 'M'}, {'year': 2015, 'sex': 'M'}, {'year': 1964, 'sex': 'M'}, {'year': 1964, 'sex': 'M'}, {'year': 1964, 'sex': 'M'}, {'year': 1964, 'sex': 'M'}, {'year': 1964, 'sex': 'M'}, {'year': 1964, 'sex': 'M'}, {'year': 1964, 'sex': 'M'}, {'year': 1964, 'sex': 'M'}, {'year': 1964, 'sex': 'M'}, {'year': 1964, 'sex': 'M'}, {'year': 1964, 'sex': 'M'}, {'year': 1964, 'sex': 'M'}, {'year': 1964, 'sex': 'M'}, {'year': 1964, 'sex': 'M'}, {'year': 1964, 'sex': 'M'}, {'year': 1964, 'sex': 'M'}, {'year': 1964, 'sex': 'M'}, {'year': 2015, 'sex': 'M'}, {'year': 1964, 'sex': 'M'}, {'year': 1964, 'sex': 'M'}, {'year': 1964, 'sex': 'M'}, {'year': 1964, 'sex': 'M'}, {'year': 2015, 'sex': 'M'}, {'year': 1964, 'sex': 'M'}, {'year': 1963, 'sex': 'M'}, {'year': 1963, 'sex': 'M'}, {'year': 1963, 'sex': 'M'}, {'year': 1963, 'sex': 'M'}, {'year': 1963, 'sex': 'M'}, {'year': 1963, 'sex': 'M'}, {'year': 1963, 'sex': 'M'}, {'year': 2015, 'sex': 'M'}, {'year': 1963, 'sex': 'M'}, {'year': 1963, 'sex': 'M'}, {'year': 1963, 'sex': 'M'}, {'year': 1963, 'sex': 'M'}, {'year': 1963, 'sex': 'M'}, {'year': 1963, 'sex': 'M'}, {'year': 1963, 'sex': 'M'}, {'year': 1963, 'sex': 'M'}, {'year': 1963, 'sex': 'M'}, {'year': 1963, 'sex': 'M'}, {'year': 1963, 'sex': 'M'}, {'year': 2015, 'sex': 'M'}, {'year': 1963, 'sex': 'M'}, {'year': 1963, 'sex': 'M'}, {'year': 1963, 'sex': 'M'}, {'year': 1963, 'sex': 'M'}, {'year': 1963, 'sex': 'M'}, {'year': 2015, 'sex': 'M'}, {'year': 1963, 'sex': 'M'}, {'year': 1963, 'sex': 'M'}, {'year': 1963, 'sex': 'M'}, {'year': 1963, 'sex': 'M'}, {'year': 2015, 'sex': 'M'}, {'year': 1963, 'sex': 'M'}, {'year': 1963, 'sex': 'M'}, {'year': 1962, 'sex': 'M'}, {'year': 2015, 'sex': 'M'}, {'year': 1962, 'sex': 'M'}, {'year': 1962, 'sex': 'M'}, {'year': 1962, 'sex': 'M'}, {'year': 1962, 'sex': 'M'}, {'year': 1962, 'sex': 'M'}, {'year': 2015, 'sex': 'M'}, {'year': 1962, 'sex': 'M'}, {'year': 1962, 'sex': 'M'}, {'year': 1962, 'sex': 'M'}, {'year': 1962, 'sex': 'M'}, {'year': 1962, 'sex': 'M'}, {'year': 1962, 'sex': 'M'}, {'year': 1962, 'sex': 'M'}, {'year': 2015, 'sex': 'M'}, {'year': 1962, 'sex': 'M'}, {'year': 1962, 'sex': 'M'}, {'year': 1962, 'sex': 'M'}, {'year': 1962, 'sex': 'M'}, {'year': 1962, 'sex': 'M'}, {'year': 1962, 'sex': 'M'}, {'year': 1962, 'sex': 'M'}, {'year': 1962, 'sex': 'M'}, {'year': 1962, 'sex': 'M'}, {'year': 1962, 'sex': 'M'}, {'year': 1962, 'sex': 'M'}, {'year': 1962, 'sex': 'M'}, {'year': 1962, 'sex': 'M'}, {'year': 1962, 'sex': 'M'}, {'year': 1962, 'sex': 'M'}, {'year': 1962, 'sex': 'M'}, {'year': 1962, 'sex': 'M'}, {'year': 1962, 'sex': 'M'}, {'year': 2015, 'sex': 'M'}, {'year': 1962, 'sex': 'M'}, {'year': 1962, 'sex': 'M'}, {'year': 1962, 'sex': 'M'}, {'year': 1962, 'sex': 'M'}, {'year': 1962, 'sex': 'M'}, {'year': 1962, 'sex': 'M'}, {'year': 1962, 'sex': 'M'}, {'year': 1962, 'sex': 'M'}, {'year': 1962, 'sex': 'M'}, {'year': 1962, 'sex': 'M'}, {'year': 1962, 'sex': 'M'}, {'year': 2015, 'sex': 'M'}, {'year': 1962, 'sex': 'M'}, {'year': 1961, 'sex': 'M'}, {'year': 1961, 'sex': 'M'}, {'year': 1961, 'sex': 'M'}, {'year': 1961, 'sex': 'M'}, {'year': 1961, 'sex': 'M'}, {'year': 1961, 'sex': 'M'}, {'year': 1961, 'sex': 'M'}, {'year': 1961, 'sex': 'M'}, {'year': 1961, 'sex': 'M'}, {'year': 1961, 'sex': 'M'}, {'year': 2015, 'sex': 'M'}, {'year': 1961, 'sex': 'M'}, {'year': 1961, 'sex': 'M'}, {'year': 1961, 'sex': 'M'}, {'year': 1961, 'sex': 'M'}, {'year': 1961, 'sex': 'M'}, {'year': 1961, 'sex': 'M'}, {'year': 2015, 'sex': 'M'}, {'year': 1971, 'sex': 'M'}, {'year': 1961, 'sex': 'M'}, {'year': 1961, 'sex': 'M'}, {'year': 1961, 'sex': 'M'}, {'year': 1961, 'sex': 'M'}, {'year': 1961, 'sex': 'M'}, {'year': 1961, 'sex': 'M'}, {'year': 2015, 'sex': 'M'}, {'year': 1961, 'sex': 'M'}, {'year': 1961, 'sex': 'M'}, {'year': 1961, 'sex': 'M'}, {'year': 1961, 'sex': 'M'}, {'year': 1961, 'sex': 'M'}, {'year': 2015, 'sex': 'M'}, {'year': 1961, 'sex': 'M'}, {'year': 1961, 'sex': 'M'}, {'year': 1961, 'sex': 'M'}, {'year': 1961, 'sex': 'M'}, {'year': 1961, 'sex': 'M'}, {'year': 1961, 'sex': 'M'}, {'year': 1961, 'sex': 'M'}, {'year': 2015, 'sex': 'M'}, {'year': 1961, 'sex': 'M'}, {'year': 1961, 'sex': 'M'}, {'year': 1961, 'sex': 'M'}, {'year': 1961, 'sex': 'M'}, {'year': 1961, 'sex': 'M'}, {'year': 1961, 'sex': 'M'}, {'year': 1961, 'sex': 'M'}, {'year': 1960, 'sex': 'M'}, {'year': 1960, 'sex': 'M'}, {'year': 1960, 'sex': 'M'}, {'year': 2015, 'sex': 'M'}, {'year': 1960, 'sex': 'M'}, {'year': 1960, 'sex': 'M'}, {'year': 1960, 'sex': 'M'}, {'year': 1960, 'sex': 'M'}, {'year': 2018, 'sex': 'M'}, {'year': 2015, 'sex': 'M'}, {'year': 1960, 'sex': 'M'}, {'year': 2015, 'sex': 'M'}, {'year': 1960, 'sex': 'M'}, {'year': 1960, 'sex': 'M'}, {'year': 1960, 'sex': 'M'}, {'year': 1960, 'sex': 'M'}, {'year': 1960, 'sex': 'M'}, {'year': 1960, 'sex': 'M'}, {'year': 2015, 'sex': 'M'}, {'year': 1960, 'sex': 'M'}, {'year': 1960, 'sex': 'M'}, {'year': 1960, 'sex': 'M'}, {'year': 1960, 'sex': 'M'}, {'year': 1960, 'sex': 'M'}, {'year': 1960, 'sex': 'M'}, {'year': 1960, 'sex': 'M'}, {'year': 1960, 'sex': 'M'}, {'year': 1960, 'sex': 'M'}, {'year': 1960, 'sex': 'M'}, {'year': 1960, 'sex': 'M'}, {'year': 1960, 'sex': 'M'}, {'year': 1960, 'sex': 'M'}, {'year': 2015, 'sex': 'M'}, {'year': 1960, 'sex': 'M'}, {'year': 1960, 'sex': 'M'}, {'year': 1960, 'sex': 'M'}, {'year': 1960, 'sex': 'M'}, {'year': 2015, 'sex': 'M'}, {'year': 1960, 'sex': 'M'}, {'year': 1960, 'sex': 'M'}, {'year': 1960, 'sex': 'M'}, {'year': 1960, 'sex': 'M'}, {'year': 1959, 'sex': 'M'}, {'year': 2015, 'sex': 'M'}, {'year': 1959, 'sex': 'M'}, {'year': 1959, 'sex': 'M'}, {'year': 1959, 'sex': 'M'}, {'year': 2015, 'sex': 'M'}, {'year': 1959, 'sex': 'M'}, {'year': 1959, 'sex': 'M'}, {'year': 1959, 'sex': 'M'}, {'year': 1959, 'sex': 'M'}, {'year': 1959, 'sex': 'M'}, {'year': 1959, 'sex': 'M'}, {'year': 1959, 'sex': 'M'}, {'year': 1959, 'sex': 'M'}, {'year': 1959, 'sex': 'M'}, {'year': 1959, 'sex': 'M'}, {'year': 1959, 'sex': 'M'}, {'year': 1959, 'sex': 'M'}, {'year': 1959, 'sex': 'M'}, {'year': 1959, 'sex': 'M'}, {'year': 2015, 'sex': 'M'}, {'year': 1959, 'sex': 'M'}, {'year': 1959, 'sex': 'M'}, {'year': 1959, 'sex': 'M'}, {'year': 1959, 'sex': 'M'}, {'year': 1959, 'sex': 'M'}, {'year': 1959, 'sex': 'M'}, {'year': 1959, 'sex': 'M'}, {'year': 1959, 'sex': 'M'}, {'year': 1959, 'sex': 'M'}, {'year': 1959, 'sex': 'M'}, {'year': 1959, 'sex': 'M'}, {'year': 2015, 'sex': 'M'}, {'year': 2015, 'sex': 'M'}, {'year': 1958, 'sex': 'M'}, {'year': 1958, 'sex': 'M'}, {'year': 1958, 'sex': 'M'}, {'year': 1958, 'sex': 'M'}, {'year': 1958, 'sex': 'M'}, {'year': 1958, 'sex': 'M'}, {'year': 1958, 'sex': 'M'}, {'year': 1958, 'sex': 'M'}, {'year': 1958, 'sex': 'M'}, {'year': 1958, 'sex': 'M'}, {'year': 1958, 'sex': 'M'}, {'year': 1958, 'sex': 'M'}, {'year': 2015, 'sex': 'M'}, {'year': 1958, 'sex': 'M'}, {'year': 1958, 'sex': 'M'}, {'year': 1958, 'sex': 'M'}, {'year': 1958, 'sex': 'M'}, {'year': 1958, 'sex': 'M'}, {'year': 1958, 'sex': 'M'}, {'year': 1958, 'sex': 'M'}, {'year': 1958, 'sex': 'M'}, {'year': 2018, 'sex': 'M'}, {'year': 1958, 'sex': 'M'}, {'year': 1958, 'sex': 'M'}, {'year': 1958, 'sex': 'M'}, {'year': 1958, 'sex': 'M'}, {'year': 2015, 'sex': 'M'}, {'year': 1958, 'sex': 'M'}, {'year': 1958, 'sex': 'M'}, {'year': 2015, 'sex': 'M'}, {'year': 1957, 'sex': 'M'}, {'year': 1957, 'sex': 'M'}, {'year': 1957, 'sex': 'M'}, {'year': 1957, 'sex': 'M'}, {'year': 2015, 'sex': 'M'}, {'year': 1957, 'sex': 'M'}, {'year': 1957, 'sex': 'M'}, {'year': 1957, 'sex': 'M'}, {'year': 1957, 'sex': 'M'}, {'year': 1957, 'sex': 'M'}, {'year': 1957, 'sex': 'M'}, {'year': 1957, 'sex': 'M'}, {'year': 1957, 'sex': 'M'}, {'year': 1957, 'sex': 'M'}, {'year': 1957, 'sex': 'M'}, {'year': 2015, 'sex': 'M'}, {'year': 1957, 'sex': 'M'}, {'year': 1957, 'sex': 'M'}, {'year': 1957, 'sex': 'M'}, {'year': 1956, 'sex': 'M'}, {'year': 1956, 'sex': 'M'}, {'year': 1956, 'sex': 'M'}, {'year': 1956, 'sex': 'M'}, {'year': 2015, 'sex': 'M'}, {'year': 1956, 'sex': 'M'}, {'year': 1956, 'sex': 'M'}, {'year': 1956, 'sex': 'M'}, {'year': 1956, 'sex': 'M'}, {'year': 2015, 'sex': 'M'}, {'year': 1956, 'sex': 'M'}, {'year': 1956, 'sex': 'M'}, {'year': 1956, 'sex': 'M'}, {'year': 1956, 'sex': 'M'}, {'year': 1956, 'sex': 'M'}, {'year': 2015, 'sex': 'M'}, {'year': 1956, 'sex': 'M'}, {'year': 1956, 'sex': 'M'}, {'year': 1956, 'sex': 'M'}, {'year': 1956, 'sex': 'M'}, {'year': 2015, 'sex': 'M'}, {'year': 1956, 'sex': 'M'}, {'year': 1956, 'sex': 'M'}, {'year': 1956, 'sex': 'M'}, {'year': 1956, 'sex': 'M'}, {'year': 1956, 'sex': 'M'}, {'year': 1956, 'sex': 'M'}, {'year': 1956, 'sex': 'M'}, {'year': 2015, 'sex': 'M'}, {'year': 1955, 'sex': 'M'}, {'year': 1955, 'sex': 'M'}, {'year': 2015, 'sex': 'M'}, {'year': 1955, 'sex': 'M'}, {'year': 1955, 'sex': 'M'}, {'year': 1955, 'sex': 'M'}, {'year': 1955, 'sex': 'M'}, {'year': 1955, 'sex': 'M'}, {'year': 1955, 'sex': 'M'}, {'year': 1955, 'sex': 'M'}, {'year': 1955, 'sex': 'M'}, {'year': 1955, 'sex': 'M'}, {'year': 1955, 'sex': 'M'}, {'year': 1955, 'sex': 'M'}, {'year': 1955, 'sex': 'M'}, {'year': 1955, 'sex': 'M'}, {'year': 1955, 'sex': 'M'}, {'year': 1955, 'sex': 'M'}, {'year': 1954, 'sex': 'M'}, {'year': 1954, 'sex': 'M'}, {'year': 2015, 'sex': 'M'}, {'year': 1954, 'sex': 'M'}, {'year': 1954, 'sex': 'M'}, {'year': 1954, 'sex': 'M'}, {'year': 1954, 'sex': 'M'}, {'year': 1954, 'sex': 'M'}, {'year': 2015, 'sex': 'M'}, {'year': 1954, 'sex': 'M'}, {'year': 1954, 'sex': 'M'}, {'year': 1954, 'sex': 'M'}, {'year': 2015, 'sex': 'M'}, {'year': 1954, 'sex': 'M'}, {'year': 1954, 'sex': 'M'}, {'year': 1954, 'sex': 'M'}, {'year': 2015, 'sex': 'M'}, {'year': 1954, 'sex': 'M'}, {'year': 1954, 'sex': 'M'}, {'year': 1954, 'sex': 'M'}, {'year': 1954, 'sex': 'M'}, {'year': 1954, 'sex': 'M'}, {'year': 1953, 'sex': 'M'}, {'year': 1953, 'sex': 'M'}, {'year': 1953, 'sex': 'M'}, {'year': 2015, 'sex': 'M'}, {'year': 1953, 'sex': 'M'}, {'year': 1953, 'sex': 'M'}, {'year': 2015, 'sex': 'M'}, {'year': 1953, 'sex': 'M'}, {'year': 1953, 'sex': 'M'}, {'year': 2015, 'sex': 'M'}, {'year': 1953, 'sex': 'M'}, {'year': 1953, 'sex': 'M'}, {'year': 1952, 'sex': 'M'}, {'year': 1952, 'sex': 'M'}, {'year': 1952, 'sex': 'M'}, {'year': 1952, 'sex': 'M'}, {'year': 1952, 'sex': 'M'}, {'year': 2015, 'sex': 'M'}, {'year': 1952, 'sex': 'M'}, {'year': 1952, 'sex': 'M'}, {'year': 2015, 'sex': 'M'}, {'year': 1952, 'sex': 'M'}, {'year': 1951, 'sex': 'M'}, {'year': 1951, 'sex': 'M'}, {'year': 2015, 'sex': 'M'}, {'year': 1951, 'sex': 'M'}, {'year': 1951, 'sex': 'M'}, {'year': 1951, 'sex': 'M'}, {'year': 1951, 'sex': 'M'}, {'year': 1951, 'sex': 'M'}, {'year': 1951, 'sex': 'M'}, {'year': 2015, 'sex': 'M'}, {'year': 1951, 'sex': 'M'}, {'year': 1951, 'sex': 'M'}, {'year': 1951, 'sex': 'M'}, {'year': 1951, 'sex': 'M'}, {'year': 1951, 'sex': 'M'}, {'year': 2015, 'sex': 'M'}, {'year': 1951, 'sex': 'M'}, {'year': 1951, 'sex': 'M'}, {'year': 1951, 'sex': 'M'}, {'year': 1951, 'sex': 'M'}, {'year': 1951, 'sex': 'M'}, {'year': 1951, 'sex': 'M'}, {'year': 1950, 'sex': 'M'}, {'year': 1950, 'sex': 'M'}, {'year': 1950, 'sex': 'M'}, {'year': 1950, 'sex': 'M'}, {'year': 1950, 'sex': 'M'}, {'year': 1950, 'sex': 'M'}, {'year': 1950, 'sex': 'M'}, {'year': 1950, 'sex': 'M'}, {'year': 2015, 'sex': 'M'}, {'year': 1950, 'sex': 'M'}, {'year': 1950, 'sex': 'M'}, {'year': 1950, 'sex': 'M'}, {'year': 1950, 'sex': 'M'}, {'year': 1950, 'sex': 'M'}, {'year': 1950, 'sex': 'M'}, {'year': 1950, 'sex': 'M'}, {'year': 2015, 'sex': 'M'}, {'year': 1950, 'sex': 'M'}, {'year': 1950, 'sex': 'M'}, {'year': 1950, 'sex': 'M'}, {'year': 2015, 'sex': 'M'}, {'year': 2015, 'sex': 'M'}, {'year': 1949, 'sex': 'M'}, {'year': 1949, 'sex': 'M'}, {'year': 1949, 'sex': 'M'}, {'year': 1949, 'sex': 'M'}, {'year': 1949, 'sex': 'M'}, {'year': 1949, 'sex': 'M'}, {'year': 1949, 'sex': 'M'}, {'year': 1949, 'sex': 'M'}, {'year': 1949, 'sex': 'M'}, {'year': 1949, 'sex': 'M'}, {'year': 1949, 'sex': 'M'}, {'year': 1949, 'sex': 'M'}, {'year': 1949, 'sex': 'M'}, {'year': 1949, 'sex': 'M'}, {'year': 1948, 'sex': 'M'}, {'year': 1948, 'sex': 'M'}, {'year': 1948, 'sex': 'M'}, {'year': 1948, 'sex': 'M'}, {'year': 1948, 'sex': 'M'}, {'year': 2015, 'sex': 'M'}, {'year': 1948, 'sex': 'M'}, {'year': 1948, 'sex': 'M'}, {'year': 1948, 'sex': 'M'}, {'year': 1948, 'sex': 'M'}, {'year': 1948, 'sex': 'M'}, {'year': 1948, 'sex': 'M'}, {'year': 1948, 'sex': 'M'}, {'year': 1948, 'sex': 'M'}, {'year': 1948, 'sex': 'M'}, {'year': 2018, 'sex': 'M'}, {'year': 2015, 'sex': 'M'}, {'year': 1947, 'sex': 'M'}, {'year': 1947, 'sex': 'M'}, {'year': 1947, 'sex': 'M'}, {'year': 1947, 'sex': 'M'}, {'year': 1947, 'sex': 'M'}, {'year': 1947, 'sex': 'M'}, {'year': 1947, 'sex': 'M'}, {'year': 1947, 'sex': 'M'}, {'year': 1947, 'sex': 'M'}, {'year': 1947, 'sex': 'M'}, {'year': 1947, 'sex': 'M'}, {'year': 1947, 'sex': 'M'}, {'year': 1947, 'sex': 'M'}, {'year': 1947, 'sex': 'M'}, {'year': 1947, 'sex': 'M'}, {'year': 1947, 'sex': 'M'}, {'year': 1947, 'sex': 'M'}, {'year': 2015, 'sex': 'M'}, {'year': 1947, 'sex': 'M'}, {'year': 1946, 'sex': 'M'}, {'year': 1946, 'sex': 'M'}, {'year': 1946, 'sex': 'M'}, {'year': 1946, 'sex': 'M'}, {'year': 1946, 'sex': 'M'}, {'year': 1946, 'sex': 'M'}, {'year': 1946, 'sex': 'M'}, {'year': 1946, 'sex': 'M'}, {'year': 1946, 'sex': 'M'}, {'year': 1946, 'sex': 'M'}, {'year': 1946, 'sex': 'M'}, {'year': 1946, 'sex': 'M'}, {'year': 1946, 'sex': 'M'}, {'year': 2015, 'sex': 'M'}, {'year': 1946, 'sex': 'M'}, {'year': 1946, 'sex': 'M'}, {'year': 1946, 'sex': 'M'}, {'year': 1946, 'sex': 'M'}, {'year': 2015, 'sex': 'M'}, {'year': 1945, 'sex': 'M'}, {'year': 1945, 'sex': 'M'}, {'year': 1945, 'sex': 'M'}, {'year': 2015, 'sex': 'M'}, {'year': 1945, 'sex': 'M'}, {'year': 1944, 'sex': 'M'}, {'year': 1944, 'sex': 'M'}, {'year': 1944, 'sex': 'M'}, {'year': 1944, 'sex': 'M'}, {'year': 1944, 'sex': 'M'}, {'year': 1944, 'sex': 'M'}, {'year': 1944, 'sex': 'M'}, {'year': 1944, 'sex': 'M'}, {'year': 1944, 'sex': 'M'}, {'year': 1944, 'sex': 'M'}, {'year': 2018, 'sex': 'M'}, {'year': 2015, 'sex': 'M'}, {'year': 1944, 'sex': 'M'}, {'year': 1944, 'sex': 'M'}, {'year': 1943, 'sex': 'M'}, {'year': 1943, 'sex': 'M'}, {'year': 1943, 'sex': 'M'}, {'year': 1943, 'sex': 'M'}, {'year': 2015, 'sex': 'M'}, {'year': 1943, 'sex': 'M'}, {'year': 2015, 'sex': 'M'}, {'year': 1943, 'sex': 'M'}, {'year': 1942, 'sex': 'M'}, {'year': 1942, 'sex': 'M'}, {'year': 2015, 'sex': 'M'}, {'year': 1942, 'sex': 'M'}, {'year': 1942, 'sex': 'M'}, {'year': 1942, 'sex': 'M'}, {'year': 2015, 'sex': 'M'}, {'year': 1942, 'sex': 'M'}, {'year': 1942, 'sex': 'M'}, {'year': 2015, 'sex': 'M'}, {'year': 1942, 'sex': 'M'}, {'year': 1941, 'sex': 'M'}, {'year': 1941, 'sex': 'M'}, {'year': 2015, 'sex': 'M'}, {'year': 1941, 'sex': 'M'}, {'year': 1941, 'sex': 'M'}, {'year': 1941, 'sex': 'M'}, {'year': 1941, 'sex': 'M'}, {'year': 1941, 'sex': 'M'}, {'year': 1941, 'sex': 'M'}, {'year': 2018, 'sex': 'M'}, {'year': 1941, 'sex': 'M'}, {'year': 1940, 'sex': 'M'}, {'year': 1940, 'sex': 'M'}, {'year': 1940, 'sex': 'M'}, {'year': 2015, 'sex': 'M'}, {'year': 1940, 'sex': 'M'}, {'year': 1940, 'sex': 'M'}, {'year': 1940, 'sex': 'M'}, {'year': 1940, 'sex': 'M'}, {'year': 1940, 'sex': 'M'}, {'year': 1940, 'sex': 'M'}, {'year': 1940, 'sex': 'M'}, {'year': 2015, 'sex': 'M'}, {'year': 1939, 'sex': 'M'}, {'year': 2015, 'sex': 'M'}, {'year': 1939, 'sex': 'M'}, {'year': 1939, 'sex': 'M'}, {'year': 1939, 'sex': 'M'}, {'year': 2015, 'sex': 'M'}, {'year': 1939, 'sex': 'M'}, {'year': 1938, 'sex': 'M'}, {'year': 1938, 'sex': 'M'}, {'year': 1938, 'sex': 'M'}, {'year': 1938, 'sex': 'M'}, {'year': 2015, 'sex': 'M'}, {'year': 1938, 'sex': 'M'}, {'year': 1938, 'sex': 'M'}, {'year': 1938, 'sex': 'M'}, {'year': 1937, 'sex': 'M'}, {'year': 1937, 'sex': 'M'}, {'year': 1937, 'sex': 'M'}, {'year': 1937, 'sex': 'M'}, {'year': 1937, 'sex': 'M'}, {'year': 1937, 'sex': 'M'}, {'year': 1937, 'sex': 'M'}, {'year': 1937, 'sex': 'M'}, {'year': 1937, 'sex': 'M'}, {'year': 2018, 'sex': 'M'}, {'year': 2015, 'sex': 'M'}, {'year': 1937, 'sex': 'M'}, {'year': 1937, 'sex': 'M'}, {'year': 1936, 'sex': 'M'}, {'year': 1936, 'sex': 'M'}, {'year': 2015, 'sex': 'M'}, {'year': 1936, 'sex': 'M'}, {'year': 1936, 'sex': 'M'}, {'year': 1936, 'sex': 'M'}, {'year': 1936, 'sex': 'M'}, {'year': 2015, 'sex': 'M'}, {'year': 1936, 'sex': 'M'}, {'year': 1936, 'sex': 'M'}, {'year': 1935, 'sex': 'M'}, {'year': 1935, 'sex': 'M'}, {'year': 2015, 'sex': 'M'}, {'year': 1935, 'sex': 'M'}, {'year': 1935, 'sex': 'M'}, {'year': 1935, 'sex': 'M'}, {'year': 2015, 'sex': 'M'}, {'year': 1935, 'sex': 'M'}, {'year': 1935, 'sex': 'M'}, {'year': 1935, 'sex': 'M'}, {'year': 1935, 'sex': 'M'}, {'year': 1934, 'sex': 'M'}, {'year': 1934, 'sex': 'M'}, {'year': 1934, 'sex': 'M'}, {'year': 1934, 'sex': 'M'}, {'year': 1934, 'sex': 'M'}, {'year': 1934, 'sex': 'M'}, {'year': 1934, 'sex': 'M'}, {'year': 1934, 'sex': 'M'}, {'year': 1934, 'sex': 'M'}, {'year': 1934, 'sex': 'M'}, {'year': 1934, 'sex': 'M'}, {'year': 1933, 'sex': 'M'}, {'year': 2018, 'sex': 'M'}, {'year': 2018, 'sex': 'M'}, {'year': 2015, 'sex': 'M'}, {'year': 1933, 'sex': 'M'}, {'year': 1933, 'sex': 'M'}, {'year': 1933, 'sex': 'M'}, {'year': 1933, 'sex': 'M'}, {'year': 1932, 'sex': 'M'}, {'year': 1932, 'sex': 'M'}, {'year': 1932, 'sex': 'M'}, {'year': 2015, 'sex': 'M'}, {'year': 1932, 'sex': 'M'}, {'year': 2015, 'sex': 'M'}, {'year': 1932, 'sex': 'M'}, {'year': 1931, 'sex': 'M'}, {'year': 1931, 'sex': 'M'}, {'year': 1931, 'sex': 'M'}, {'year': 2014, 'sex': 'M'}, {'year': 1931, 'sex': 'M'}, {'year': 1931, 'sex': 'M'}, {'year': 1930, 'sex': 'M'}, {'year': 1930, 'sex': 'M'}, {'year': 1930, 'sex': 'M'}, {'year': 1930, 'sex': 'M'}, {'year': 1930, 'sex': 'M'}, {'year': 2014, 'sex': 'M'}, {'year': 1930, 'sex': 'M'}, {'year': 1930, 'sex': 'M'}, {'year': 1930, 'sex': 'M'}, {'year': 1930, 'sex': 'M'}, {'year': 2018, 'sex': 'M'}, {'year': 1929, 'sex': 'M'}, {'year': 1929, 'sex': 'M'}, {'year': 1929, 'sex': 'M'}, {'year': 2014, 'sex': 'M'}, {'year': 1929, 'sex': 'M'}, {'year': 1929, 'sex': 'M'}, {'year': 1929, 'sex': 'M'}, {'year': 1929, 'sex': 'M'}, {'year': 1929, 'sex': 'M'}, {'year': 1929, 'sex': 'M'}, {'year': 1929, 'sex': 'M'}, {'year': 2014, 'sex': 'M'}, {'year': 1928, 'sex': 'M'}, {'year': 1928, 'sex': 'M'}, {'year': 2014, 'sex': 'M'}, {'year': 1928, 'sex': 'M'}, {'year': 1928, 'sex': 'M'}, {'year': 1928, 'sex': 'M'}, {'year': 1928, 'sex': 'M'}, {'year': 1928, 'sex': 'M'}, {'year': 1928, 'sex': 'M'}, {'year': 1927, 'sex': 'M'}, {'year': 1927, 'sex': 'M'}, {'year': 1927, 'sex': 'M'}, {'year': 2014, 'sex': 'M'}, {'year': 1927, 'sex': 'M'}, {'year': 1927, 'sex': 'M'}, {'year': 1926, 'sex': 'M'}, {'year': 1926, 'sex': 'M'}, {'year': 2014, 'sex': 'M'}, {'year': 1926, 'sex': 'M'}, {'year': 1926, 'sex': 'M'}, {'year': 1926, 'sex': 'M'}, {'year': 2018, 'sex': 'M'}, {'year': 1925, 'sex': 'M'}, {'year': 2014, 'sex': 'M'}, {'year': 1925, 'sex': 'M'}, {'year': 1925, 'sex': 'M'}, {'year': 1924, 'sex': 'M'}, {'year': 1924, 'sex': 'M'}, {'year': 1924, 'sex': 'M'}, {'year': 1924, 'sex': 'M'}, {'year': 2014, 'sex': 'M'}, {'year': 1924, 'sex': 'M'}, {'year': 1924, 'sex': 'M'}, {'year': 1923, 'sex': 'M'}, {'year': 1923, 'sex': 'M'}, {'year': 1922, 'sex': 'M'}, {'year': 1922, 'sex': 'M'}, {'year': 1922, 'sex': 'M'}, {'year': 1922, 'sex': 'M'}, {'year': 1922, 'sex': 'M'}, {'year': 1922, 'sex': 'M'}, {'year': 1922, 'sex': 'M'}, {'year': 1922, 'sex': 'M'}, {'year': 1921, 'sex': 'M'}, {'year': 1921, 'sex': 'M'}, {'year': 1921, 'sex': 'M'}, {'year': 1921, 'sex': 'M'}, {'year': 1921, 'sex': 'M'}, {'year': 1920, 'sex': 'M'}, {'year': 1920, 'sex': 'M'}, {'year': 2018, 'sex': 'M'}, {'year': 1920, 'sex': 'M'}, {'year': 1920, 'sex': 'M'}, {'year': 1919, 'sex': 'M'}, {'year': 1919, 'sex': 'M'}, {'year': 1919, 'sex': 'M'}, {'year': 1919, 'sex': 'M'}, {'year': 2014, 'sex': 'M'}, {'year': 1918, 'sex': 'M'}, {'year': 1916, 'sex': 'M'}, {'year': 1916, 'sex': 'M'}, {'year': 2014, 'sex': 'M'}, {'year': 1916, 'sex': 'M'}, {'year': 1916, 'sex': 'M'}, {'year': 1916, 'sex': 'M'}, {'year': 1916, 'sex': 'M'}, {'year': 1916, 'sex': 'M'}, {'year': 1916, 'sex': 'M'}, {'year': 1916, 'sex': 'M'}, {'year': 1915, 'sex': 'M'}, {'year': 2014, 'sex': 'M'}, {'year': 1915, 'sex': 'M'}, {'year': 1914, 'sex': 'M'}, {'year': 2014, 'sex': 'M'}, {'year': 1914, 'sex': 'M'}, {'year': 1913, 'sex': 'M'}, {'year': 1912, 'sex': 'M'}, {'year': 1912, 'sex': 'M'}, {'year': 1912, 'sex': 'M'}, {'year': 2014, 'sex': 'M'}, {'year': 1912, 'sex': 'M'}, {'year': 1911, 'sex': 'M'}, {'year': 2014, 'sex': 'M'}, {'year': 1911, 'sex': 'M'}, {'year': 1911, 'sex': 'M'}, {'year': 1911, 'sex': 'M'}, {'year': 2014, 'sex': 'M'}, {'year': 2014, 'sex': 'M'}, {'year': 1909, 'sex': 'M'}, {'year': 1908, 'sex': 'M'}, {'year': 2014, 'sex': 'M'}, {'year': 2014, 'sex': 'M'}, {'year': 1907, 'sex': 'M'}, {'year': 1907, 'sex': 'M'}, {'year': 1907, 'sex': 'M'}, {'year': 2014, 'sex': 'M'}, {'year': 1906, 'sex': 'M'}, {'year': 1906, 'sex': 'M'}, {'year': 1905, 'sex': 'M'}, {'year': 1905, 'sex': 'M'}, {'year': 1905, 'sex': 'M'}, {'year': 1905, 'sex': 'M'}, {'year': 1904, 'sex': 'M'}, {'year': 1904, 'sex': 'M'}, {'year': 2014, 'sex': 'M'}, {'year': 1903, 'sex': 'M'}, {'year': 1902, 'sex': 'M'}, {'year': 1902, 'sex': 'M'}, {'year': 2014, 'sex': 'M'}, {'year': 1902, 'sex': 'M'}, {'year': 1901, 'sex': 'M'}, {'year': 1901, 'sex': 'M'}, {'year': 1900, 'sex': 'M'}, {'year': 2014, 'sex': 'M'}, {'year': 1899, 'sex': 'M'}, {'year': 1899, 'sex': 'M'}, {'year': 1899, 'sex': 'M'}, {'year': 1899, 'sex': 'M'}, {'year': 2014, 'sex': 'M'}, {'year': 1898, 'sex': 'M'}, {'year': 1898, 'sex': 'M'}, {'year': 1898, 'sex': 'M'}, {'year': 2014, 'sex': 'M'}, {'year': 2014, 'sex': 'M'}, {'year': 1896, 'sex': 'M'}, {'year': 1896, 'sex': 'M'}, {'year': 1896, 'sex': 'M'}, {'year': 1896, 'sex': 'M'}, {'year': 1895, 'sex': 'M'}, {'year': 1895, 'sex': 'M'}, {'year': 1895, 'sex': 'M'}, {'year': 1895, 'sex': 'M'}, {'year': 1895, 'sex': 'M'}, {'year': 2014, 'sex': 'M'}, {'year': 1894, 'sex': 'M'}, {'year': 2014, 'sex': 'M'}, {'year': 2014, 'sex': 'M'}, {'year': 1892, 'sex': 'M'}, {'year': 1892, 'sex': 'M'}, {'year': 2014, 'sex': 'M'}, {'year': 1890, 'sex': 'M'}, {'year': 2014, 'sex': 'M'}, {'year': 1888, 'sex': 'M'}, {'year': 1887, 'sex': 'M'}, {'year': 2014, 'sex': 'M'}, {'year': 1887, 'sex': 'M'}, {'year': 1886, 'sex': 'M'}, {'year': 2014, 'sex': 'M'}, {'year': 2014, 'sex': 'M'}, {'year': 1883, 'sex': 'M'}, {'year': 2014, 'sex': 'M'}, {'year': 1883, 'sex': 'M'}, {'year': 2014, 'sex': 'M'}, {'year': 1881, 'sex': 'M'}, {'year': 1880, 'sex': 'M'}, {'year': 2014, 'sex': 'M'}, {'year': 1880, 'sex': 'M'}, {'year': 1880, 'sex': 'M'}, {'year': 2014, 'sex': 'M'}, {'year': 1879, 'sex': 'M'}, {'year': 1879, 'sex': 'M'}, {'year': 2014, 'sex': 'M'}, {'year': 1878, 'sex': 'M'}, {'year': 1878, 'sex': 'M'}, {'year': 1878, 'sex': 'M'}, {'year': 1877, 'sex': 'M'}, {'year': 2018, 'sex': 'M'}, {'year': 1877, 'sex': 'M'}, {'year': 1875, 'sex': 'M'}, {'year': 1873, 'sex': 'M'}, {'year': 2014, 'sex': 'M'}, {'year': 1871, 'sex': 'M'}, {'year': 1870, 'sex': 'M'}, {'year': 1870, 'sex': 'M'}, {'year': 1870, 'sex': 'M'}, {'year': 1870, 'sex': 'M'}, {'year': 1870, 'sex': 'M'}, {'year': 1870, 'sex': 'M'}, {'year': 1868, 'sex': 'M'}, {'year': 2014, 'sex': 'M'}, {'year': 1865, 'sex': 'M'}, {'year': 1864, 'sex': 'M'}, {'year': 2014, 'sex': 'M'}, {'year': 1863, 'sex': 'M'}, {'year': 2018, 'sex': 'M'}, {'year': 1863, 'sex': 'M'}, {'year': 1862, 'sex': 'M'}, {'year': 1862, 'sex': 'M'}, {'year': 1862, 'sex': 'M'}, {'year': 2014, 'sex': 'M'}, {'year': 1859, 'sex': 'M'}, {'year': 1858, 'sex': 'M'}, {'year': 2014, 'sex': 'M'}, {'year': 2014, 'sex': 'M'}, {'year': 1848, 'sex': 'M'}, {'year': 1847, 'sex': 'M'}, {'year': 1842, 'sex': 'M'}, {'year': 1839, 'sex': 'M'}, {'year': 1837, 'sex': 'M'}, {'year': 2014, 'sex': 'M'}, {'year': 1830, 'sex': 'M'}, {'year': 1828, 'sex': 'M'}, {'year': 2014, 'sex': 'M'}, {'year': 1817, 'sex': 'M'}, {'year': 2014, 'sex': 'M'}, {'year': 2014, 'sex': 'M'}, {'year': 1749, 'sex': 'M'}, {'year': 2018, 'sex': 'M'}, {'year': 1703, 'sex': 'M'}, {'year': 2014, 'sex': 'M'}, {'year': 2014, 'sex': 'M'}, {'year': 2014, 'sex': 'M'}, {'year': 2014, 'sex': 'M'}, {'year': 2014, 'sex': 'M'}, {'year': 2014, 'sex': 'M'}, {'year': 2014, 'sex': 'M'}, {'year': 2013, 'sex': 'M'}, {'year': 2013, 'sex': 'M'}, {'year': 2013, 'sex': 'M'}, {'year': 2013, 'sex': 'M'}, {'year': 2013, 'sex': 'M'}, {'year': 2013, 'sex': 'M'}, {'year': 2013, 'sex': 'M'}, {'year': 2013, 'sex': 'M'}, {'year': 2018, 'sex': 'M'}, {'year': 2013, 'sex': 'M'}, {'year': 2013, 'sex': 'M'}, {'year': 2013, 'sex': 'M'}, {'year': 2013, 'sex': 'M'}, {'year': 2013, 'sex': 'M'}, {'year': 2013, 'sex': 'M'}, {'year': 2018, 'sex': 'M'}, {'year': 2013, 'sex': 'M'}, {'year': 2013, 'sex': 'M'}, {'year': 2013, 'sex': 'M'}, {'year': 2013, 'sex': 'M'}, {'year': 2013, 'sex': 'M'}, {'year': 2013, 'sex': 'M'}, {'year': 2013, 'sex': 'M'}, {'year': 2013, 'sex': 'M'}, {'year': 2013, 'sex': 'M'}, {'year': 2018, 'sex': 'M'}, {'year': 2013, 'sex': 'M'}, {'year': 2013, 'sex': 'M'}, {'year': 2013, 'sex': 'M'}, {'year': 2013, 'sex': 'M'}, {'year': 2013, 'sex': 'M'}, {'year': 2013, 'sex': 'M'}, {'year': 2013, 'sex': 'M'}, {'year': 2018, 'sex': 'M'}, {'year': 2013, 'sex': 'M'}, {'year': 2013, 'sex': 'M'}, {'year': 2013, 'sex': 'M'}, {'year': 2013, 'sex': 'M'}, {'year': 2013, 'sex': 'M'}, {'year': 2013, 'sex': 'M'}, {'year': 2013, 'sex': 'M'}, {'year': 2013, 'sex': 'M'}, {'year': 2018, 'sex': 'M'}, {'year': 2013, 'sex': 'M'}, {'year': 2013, 'sex': 'M'}, {'year': 2013, 'sex': 'M'}, {'year': 2013, 'sex': 'M'}, {'year': 2018, 'sex': 'M'}, {'year': 2018, 'sex': 'M'}, {'year': 2013, 'sex': 'M'}, {'year': 2013, 'sex': 'M'}, {'year': 2013, 'sex': 'M'}, {'year': 2013, 'sex': 'M'}, {'year': 2013, 'sex': 'M'}, {'year': 2013, 'sex': 'M'}, {'year': 2013, 'sex': 'M'}, {'year': 2013, 'sex': 'M'}, {'year': 2013, 'sex': 'M'}, {'year': 2013, 'sex': 'M'}, {'year': 2013, 'sex': 'M'}, {'year': 2018, 'sex': 'M'}, {'year': 2013, 'sex': 'M'}, {'year': 2013, 'sex': 'M'}, {'year': 2013, 'sex': 'M'}, {'year': 2013, 'sex': 'M'}, {'year': 2013, 'sex': 'M'}, {'year': 2013, 'sex': 'M'}, {'year': 2013, 'sex': 'M'}, {'year': 2013, 'sex': 'M'}, {'year': 2013, 'sex': 'M'}, {'year': 2013, 'sex': 'M'}, {'year': 2013, 'sex': 'M'}, {'year': 2013, 'sex': 'M'}, {'year': 2013, 'sex': 'M'}, {'year': 2018, 'sex': 'M'}, {'year': 2013, 'sex': 'M'}, {'year': 2013, 'sex': 'M'}, {'year': 2013, 'sex': 'M'}, {'year': 2013, 'sex': 'M'}, {'year': 2013, 'sex': 'M'}, {'year': 2018, 'sex': 'M'}, {'year': 2013, 'sex': 'M'}, {'year': 2013, 'sex': 'M'}, {'year': 2012, 'sex': 'M'}, {'year': 2012, 'sex': 'M'}, {'year': 2012, 'sex': 'M'}, {'year': 2012, 'sex': 'M'}, {'year': 2012, 'sex': 'M'}, {'year': 2018, 'sex': 'M'}, {'year': 2012, 'sex': 'M'}, {'year': 2012, 'sex': 'M'}, {'year': 2012, 'sex': 'M'}, {'year': 2012, 'sex': 'M'}, {'year': 2012, 'sex': 'M'}, {'year': 2012, 'sex': 'M'}, {'year': 2012, 'sex': 'M'}, {'year': 2018, 'sex': 'M'}, {'year': 2012, 'sex': 'M'}, {'year': 2012, 'sex': 'M'}, {'year': 2012, 'sex': 'M'}, {'year': 2012, 'sex': 'M'}, {'year': 2012, 'sex': 'M'}, {'year': 2012, 'sex': 'M'}, {'year': 2012, 'sex': 'M'}, {'year': 2018, 'sex': 'M'}, {'year': 2012, 'sex': 'M'}, {'year': 2012, 'sex': 'M'}, {'year': 2012, 'sex': 'M'}, {'year': 2012, 'sex': 'M'}, {'year': 2018, 'sex': 'M'}, {'year': 2012, 'sex': 'M'}, {'year': 2012, 'sex': 'M'}, {'year': 2012, 'sex': 'M'}, {'year': 2012, 'sex': 'M'}, {'year': 2012, 'sex': 'M'}, {'year': 2012, 'sex': 'M'}, {'year': 2012, 'sex': 'M'}, {'year': 2018, 'sex': 'M'}, {'year': 2018, 'sex': 'M'}, {'year': 2012, 'sex': 'M'}, {'year': 2012, 'sex': 'M'}, {'year': 2012, 'sex': 'M'}, {'year': 2012, 'sex': 'M'}, {'year': 2012, 'sex': 'M'}, {'year': 2012, 'sex': 'M'}, {'year': 2012, 'sex': 'M'}, {'year': 2012, 'sex': 'M'}, {'year': 2012, 'sex': 'M'}, {'year': 2012, 'sex': 'M'}, {'year': 2012, 'sex': 'M'}, {'year': 2018, 'sex': 'M'}, {'year': 2012, 'sex': 'M'}, {'year': 2012, 'sex': 'M'}, {'year': 2012, 'sex': 'M'}, {'year': 2012, 'sex': 'M'}, {'year': 2018, 'sex': 'M'}, {'year': 2012, 'sex': 'M'}, {'year': 2012, 'sex': 'M'}, {'year': 2012, 'sex': 'M'}, {'year': 2012, 'sex': 'M'}, {'year': 2012, 'sex': 'M'}, {'year': 2012, 'sex': 'M'}, {'year': 2012, 'sex': 'M'}, {'year': 2012, 'sex': 'M'}, {'year': 2012, 'sex': 'M'}, {'year': 2012, 'sex': 'M'}, {'year': 2012, 'sex': 'M'}, {'year': 2012, 'sex': 'M'}, {'year': 2012, 'sex': 'M'}, {'year': 2012, 'sex': 'M'}, {'year': 2012, 'sex': 'M'}, {'year': 2012, 'sex': 'M'}, {'year': 2018, 'sex': 'M'}, {'year': 2012, 'sex': 'M'}, {'year': 2012, 'sex': 'M'}, {'year': 2012, 'sex': 'M'}, {'year': 2012, 'sex': 'M'}, {'year': 2012, 'sex': 'M'}, {'year': 2012, 'sex': 'M'}, {'year': 2012, 'sex': 'M'}, {'year': 2018, 'sex': 'M'}, {'year': 2012, 'sex': 'M'}, {'year': 2011, 'sex': 'M'}, {'year': 2011, 'sex': 'M'}, {'year': 2011, 'sex': 'M'}, {'year': 2011, 'sex': 'M'}, {'year': 2011, 'sex': 'M'}, {'year': 2018, 'sex': 'M'}, {'year': 2011, 'sex': 'M'}, {'year': 2011, 'sex': 'M'}, {'year': 2011, 'sex': 'M'}, {'year': 2011, 'sex': 'M'}, {'year': 2011, 'sex': 'M'}, {'year': 2011, 'sex': 'M'}, {'year': 2011, 'sex': 'M'}, {'year': 2011, 'sex': 'M'}, {'year': 2011, 'sex': 'M'}, {'year': 2011, 'sex': 'M'}, {'year': 2011, 'sex': 'M'}, {'year': 2011, 'sex': 'M'}, {'year': 2018, 'sex': 'M'}, {'year': 2011, 'sex': 'M'}, {'year': 2011, 'sex': 'M'}, {'year': 2011, 'sex': 'M'}, {'year': 2011, 'sex': 'M'}, {'year': 2011, 'sex': 'M'}, {'year': 2011, 'sex': 'M'}, {'year': 2011, 'sex': 'M'}, {'year': 2011, 'sex': 'M'}, {'year': 2018, 'sex': 'M'}, {'year': 2011, 'sex': 'M'}, {'year': 2011, 'sex': 'M'}, {'year': 2011, 'sex': 'M'}, {'year': 2011, 'sex': 'M'}, {'year': 2011, 'sex': 'M'}, {'year': 2011, 'sex': 'M'}, {'year': 2018, 'sex': 'M'}, {'year': 2011, 'sex': 'M'}, {'year': 2011, 'sex': 'M'}, {'year': 2011, 'sex': 'M'}, {'year': 2011, 'sex': 'M'}, {'year': 2011, 'sex': 'M'}, {'year': 2011, 'sex': 'M'}, {'year': 2011, 'sex': 'M'}, {'year': 2011, 'sex': 'M'}, {'year': 2011, 'sex': 'M'}, {'year': 2011, 'sex': 'M'}, {'year': 2011, 'sex': 'M'}, {'year': 2011, 'sex': 'M'}, {'year': 2011, 'sex': 'M'}, {'year': 2011, 'sex': 'M'}, {'year': 2011, 'sex': 'M'}, {'year': 2011, 'sex': 'M'}, {'year': 2011, 'sex': 'M'}, {'year': 2011, 'sex': 'M'}, {'year': 2011, 'sex': 'M'}, {'year': 2011, 'sex': 'M'}, {'year': 2011, 'sex': 'M'}, {'year': 2011, 'sex': 'M'}, {'year': 2011, 'sex': 'M'}, {'year': 2011, 'sex': 'M'}, {'year': 2011, 'sex': 'M'}, {'year': 2011, 'sex': 'M'}, {'year': 2011, 'sex': 'M'}, {'year': 2011, 'sex': 'M'}, {'year': 2017, 'sex': 'M'}, {'year': 2011, 'sex': 'M'}, {'year': 2011, 'sex': 'M'}, {'year': 2011, 'sex': 'M'}, {'year': 2011, 'sex': 'M'}, {'year': 2011, 'sex': 'M'}, {'year': 2011, 'sex': 'M'}, {'year': 2011, 'sex': 'M'}, {'year': 2011, 'sex': 'M'}, {'year': 2011, 'sex': 'M'}, {'year': 2011, 'sex': 'M'}, {'year': 2011, 'sex': 'M'}, {'year': 2011, 'sex': 'M'}, {'year': 2011, 'sex': 'M'}, {'year': 2017, 'sex': 'M'}, {'year': 2011, 'sex': 'M'}, {'year': 2011, 'sex': 'M'}, {'year': 2011, 'sex': 'M'}, {'year': 2011, 'sex': 'M'}, {'year': 2011, 'sex': 'M'}, {'year': 2011, 'sex': 'M'}, {'year': 2011, 'sex': 'M'}, {'year': 2011, 'sex': 'M'}, {'year': 2011, 'sex': 'M'}, {'year': 2011, 'sex': 'M'}, {'year': 2011, 'sex': 'M'}, {'year': 2010, 'sex': 'M'}, {'year': 2010, 'sex': 'F'}, {'year': 2010, 'sex': 'F'}, {'year': 2010, 'sex': 'F'}, {'year': 2010, 'sex': 'F'}, {'year': 2017, 'sex': 'F'}, {'year': 2010, 'sex': 'F'}, {'year': 2010, 'sex': 'F'}, {'year': 2010, 'sex': 'F'}, {'year': 2010, 'sex': 'F'}, {'year': 2010, 'sex': 'F'}, {'year': 2010, 'sex': 'F'}, {'year': 2010, 'sex': 'F'}, {'year': 2010, 'sex': 'F'}, {'year': 2010, 'sex': 'F'}, {'year': 2010, 'sex': 'F'}, {'year': 2010, 'sex': 'F'}, {'year': 2010, 'sex': 'F'}, {'year': 2010, 'sex': 'F'}, {'year': 2017, 'sex': 'F'}, {'year': 2009, 'sex': 'F'}, {'year': 2017, 'sex': 'F'}, {'year': 2009, 'sex': 'F'}, {'year': 2009, 'sex': 'F'}, {'year': 2009, 'sex': 'F'}, {'year': 2009, 'sex': 'F'}, {'year': 2009, 'sex': 'F'}, {'year': 2009, 'sex': 'F'}, {'year': 2009, 'sex': 'F'}, {'year': 2009, 'sex': 'F'}, {'year': 2009, 'sex': 'F'}, {'year': 2017, 'sex': 'F'}, {'year': 2009, 'sex': 'F'}, {'year': 2009, 'sex': 'F'}, {'year': 2009, 'sex': 'F'}, {'year': 2008, 'sex': 'F'}, {'year': 2008, 'sex': 'F'}, {'year': 2008, 'sex': 'F'}, {'year': 2008, 'sex': 'F'}, {'year': 2008, 'sex': 'F'}, {'year': 2008, 'sex': 'F'}, {'year': 2008, 'sex': 'F'}, {'year': 2008, 'sex': 'F'}, {'year': 2008, 'sex': 'F'}, {'year': 2008, 'sex': 'F'}, {'year': 2007, 'sex': 'F'}, {'year': 2007, 'sex': 'F'}, {'year': 2007, 'sex': 'F'}, {'year': 2007, 'sex': 'F'}, {'year': 2007, 'sex': 'F'}, {'year': 2007, 'sex': 'F'}, {'year': 2017, 'sex': 'F'}, {'year': 2007, 'sex': 'F'}, {'year': 2007, 'sex': 'F'}, {'year': 2007, 'sex': 'F'}, {'year': 2007, 'sex': 'F'}, {'year': 2007, 'sex': 'F'}, {'year': 2007, 'sex': 'F'}, {'year': 2007, 'sex': 'F'}, {'year': 2007, 'sex': 'F'}, {'year': 2007, 'sex': 'F'}, {'year': 2007, 'sex': 'F'}, {'year': 2007, 'sex': 'F'}, {'year': 2017, 'sex': 'F'}, {'year': 2007, 'sex': 'F'}, {'year': 2006, 'sex': 'F'}, {'year': 2006, 'sex': 'F'}, {'year': 2017, 'sex': 'F'}, {'year': 2006, 'sex': 'F'}, {'year': 2006, 'sex': 'F'}, {'year': 2006, 'sex': 'F'}, {'year': 2006, 'sex': 'F'}, {'year': 2006, 'sex': 'F'}, {'year': 2006, 'sex': 'F'}, {'year': 2006, 'sex': 'F'}, {'year': 2006, 'sex': 'F'}, {'year': 2006, 'sex': 'F'}, {'year': 2006, 'sex': 'F'}, {'year': 2017, 'sex': 'F'}, {'year': 2006, 'sex': 'F'}, {'year': 2005, 'sex': 'F'}, {'year': 2005, 'sex': 'F'}, {'year': 2005, 'sex': 'F'}, {'year': 2005, 'sex': 'F'}, {'year': 2005, 'sex': 'F'}, {'year': 2005, 'sex': 'F'}, {'year': 2005, 'sex': 'F'}, {'year': 2005, 'sex': 'F'}, {'year': 2005, 'sex': 'F'}, {'year': 2005, 'sex': 'F'}, {'year': 2005, 'sex': 'F'}, {'year': 2017, 'sex': 'F'}, {'year': 2004, 'sex': 'F'}, {'year': 2017, 'sex': 'F'}, {'year': 2004, 'sex': 'F'}, {'year': 2004, 'sex': 'F'}, {'year': 2017, 'sex': 'F'}, {'year': 2004, 'sex': 'F'}, {'year': 2004, 'sex': 'F'}, {'year': 2004, 'sex': 'F'}, {'year': 2004, 'sex': 'F'}, {'year': 2004, 'sex': 'F'}, {'year': 2004, 'sex': 'F'}, {'year': 2003, 'sex': 'F'}, {'year': 2003, 'sex': 'F'}, {'year': 2003, 'sex': 'F'}, {'year': 2017, 'sex': 'F'}, {'year': 2003, 'sex': 'F'}, {'year': 2003, 'sex': 'F'}, {'year': 2017, 'sex': 'F'}, {'year': 2003, 'sex': 'F'}, {'year': 2003, 'sex': 'F'}, {'year': 2002, 'sex': 'F'}, {'year': 2002, 'sex': 'F'}, {'year': 2002, 'sex': 'F'}, {'year': 2002, 'sex': 'F'}, {'year': 2002, 'sex': 'F'}, {'year': 2002, 'sex': 'F'}, {'year': 2002, 'sex': 'F'}, {'year': 2002, 'sex': 'F'}, {'year': 2017, 'sex': 'F'}, {'year': 2002, 'sex': 'F'}, {'year': 2017, 'sex': 'F'}, {'year': 2001, 'sex': 'F'}, {'year': 2001, 'sex': 'F'}, {'year': 2001, 'sex': 'F'}, {'year': 2017, 'sex': 'F'}, {'year': 2001, 'sex': 'F'}, {'year': 2001, 'sex': 'F'}, {'year': 2001, 'sex': 'F'}, {'year': 2001, 'sex': 'F'}, {'year': 2017, 'sex': 'F'}, {'year': 2017, 'sex': 'F'}, {'year': 2001, 'sex': 'F'}, {'year': 2017, 'sex': 'F'}, {'year': 2000, 'sex': 'F'}, {'year': 2017, 'sex': 'F'}, {'year': 2000, 'sex': 'F'}, {'year': 2000, 'sex': 'F'}, {'year': 2017, 'sex': 'F'}, {'year': 2000, 'sex': 'F'}, {'year': 2000, 'sex': 'F'}, {'year': 2000, 'sex': 'F'}, {'year': 2000, 'sex': 'F'}, {'year': 2000, 'sex': 'F'}, {'year': 2000, 'sex': 'F'}, {'year': 2000, 'sex': 'F'}, {'year': 1999, 'sex': 'F'}, {'year': 1999, 'sex': 'F'}, {'year': 1999, 'sex': 'F'}, {'year': 1999, 'sex': 'F'}, {'year': 1999, 'sex': 'F'}, {'year': 1999, 'sex': 'F'}, {'year': 1999, 'sex': 'F'}, {'year': 1999, 'sex': 'F'}, {'year': 1999, 'sex': 'F'}, {'year': 1998, 'sex': 'F'}, {'year': 1998, 'sex': 'F'}, {'year': 1998, 'sex': 'F'}, {'year': 1998, 'sex': 'F'}, {'year': 1998, 'sex': 'F'}, {'year': 1997, 'sex': 'F'}, {'year': 1997, 'sex': 'F'}, {'year': 1997, 'sex': 'F'}, {'year': 1997, 'sex': 'F'}, {'year': 1997, 'sex': 'F'}, {'year': 1997, 'sex': 'F'}, {'year': 1996, 'sex': 'F'}, {'year': 1996, 'sex': 'F'}, {'year': 1996, 'sex': 'F'}, {'year': 1996, 'sex': 'F'}, {'year': 1996, 'sex': 'F'}, {'year': 1996, 'sex': 'F'}, {'year': 1996, 'sex': 'F'}, {'year': 1995, 'sex': 'F'}, {'year': 1995, 'sex': 'F'}, {'year': 1995, 'sex': 'F'}, {'year': 2016, 'sex': 'F'}, {'year': 1995, 'sex': 'F'}, {'year': 1995, 'sex': 'F'}, {'year': 1995, 'sex': 'F'}, {'year': 1995, 'sex': 'F'}, {'year': 1995, 'sex': 'F'}, {'year': 1994, 'sex': 'F'}, {'year': 1994, 'sex': 'F'}, {'year': 1994, 'sex': 'F'}, {'year': 1994, 'sex': 'F'}, {'year': 2016, 'sex': 'F'}, {'year': 1994, 'sex': 'F'}, {'year': 1994, 'sex': 'F'}, {'year': 1993, 'sex': 'F'}, {'year': 1993, 'sex': 'F'}, {'year': 1993, 'sex': 'F'}, {'year': 1993, 'sex': 'F'}, {'year': 1993, 'sex': 'F'}, {'year': 1993, 'sex': 'F'}, {'year': 1992, 'sex': 'F'}, {'year': 1992, 'sex': 'F'}, {'year': 1992, 'sex': 'F'}, {'year': 1992, 'sex': 'F'}, {'year': 1992, 'sex': 'F'}, {'year': 2018, 'sex': 'F'}, {'year': 1991, 'sex': 'F'}, {'year': 2016, 'sex': 'F'}, {'year': 1991, 'sex': 'F'}, {'year': 1991, 'sex': 'F'}, {'year': 2016, 'sex': 'F'}, {'year': 1991, 'sex': 'F'}, {'year': 1990, 'sex': 'F'}, {'year': 1990, 'sex': 'F'}, {'year': 1989, 'sex': 'F'}, {'year': 1989, 'sex': 'F'}, {'year': 1989, 'sex': 'F'}, {'year': 1989, 'sex': 'F'}, {'year': 1988, 'sex': 'F'}, {'year': 1988, 'sex': 'F'}, {'year': 1988, 'sex': 'F'}, {'year': 1988, 'sex': 'F'}, {'year': 1988, 'sex': 'F'}, {'year': 2018, 'sex': 'F'}, {'year': 1987, 'sex': 'F'}, {'year': 1987, 'sex': 'F'}, {'year': 1987, 'sex': 'F'}, {'year': 1986, 'sex': 'F'}, {'year': 2016, 'sex': 'F'}, {'year': 2016, 'sex': 'F'}, {'year': 1985, 'sex': 'F'}, {'year': 1985, 'sex': 'F'}, {'year': 1985, 'sex': 'F'}, {'year': 2016, 'sex': 'F'}, {'year': 1984, 'sex': 'F'}, {'year': 1984, 'sex': 'F'}, {'year': 1984, 'sex': 'F'}, {'year': 1984, 'sex': 'F'}, {'year': 1984, 'sex': 'F'}, {'year': 2016, 'sex': 'F'}, {'year': 1983, 'sex': 'F'}, {'year': 1983, 'sex': 'F'}, {'year': 1983, 'sex': 'F'}, {'year': 1983, 'sex': 'F'}, {'year': 1982, 'sex': 'F'}, {'year': 1982, 'sex': 'F'}, {'year': 1982, 'sex': 'F'}, {'year': 1982, 'sex': 'F'}, {'year': 2016, 'sex': 'F'}, {'year': 1981, 'sex': 'F'}, {'year': 1981, 'sex': 'F'}, {'year': 1981, 'sex': 'F'}, {'year': 2016, 'sex': 'F'}, {'year': 1980, 'sex': 'F'}, {'year': 2018, 'sex': 'F'}, {'year': 1980, 'sex': 'F'}, {'year': 1980, 'sex': 'F'}, {'year': 1980, 'sex': 'F'}, {'year': 2016, 'sex': 'F'}, {'year': 2016, 'sex': 'F'}, {'year': 2016, 'sex': 'F'}, {'year': 2016, 'sex': 'F'}, {'year': 2018, 'sex': 'F'}, {'year': 2016, 'sex': 'F'}, {'year': 1975, 'sex': 'F'}, {'year': 1975, 'sex': 'F'}, {'year': 1975, 'sex': 'F'}, {'year': 1975, 'sex': 'F'}, {'year': 1974, 'sex': 'F'}, {'year': 2016, 'sex': 'F'}, {'year': 1974, 'sex': 'F'}, {'year': 1974, 'sex': 'F'}, {'year': 2016, 'sex': 'F'}, {'year': 1972, 'sex': 'F'}, {'year': 1971, 'sex': 'F'}, {'year': 1970, 'sex': 'F'}, {'year': 1970, 'sex': 'F'}, {'year': 2016, 'sex': 'F'}, {'year': 1968, 'sex': 'F'}, {'year': 2016, 'sex': 'F'}, {'year': 1967, 'sex': 'F'}, {'year': 1966, 'sex': 'F'}, {'year': 1966, 'sex': 'F'}, {'year': 2018, 'sex': 'F'}, {'year': 1966, 'sex': 'F'}, {'year': 1966, 'sex': 'F'}, {'year': 1966, 'sex': 'F'}, {'year': 1966, 'sex': 'F'}, {'year': 2015, 'sex': 'F'}, {'year': 1966, 'sex': 'F'}, {'year': 2015, 'sex': 'F'}, {'year': 1964, 'sex': 'F'}, {'year': 1963, 'sex': 'F'}, {'year': 1963, 'sex': 'F'}, {'year': 1963, 'sex': 'F'}, {'year': 2015, 'sex': 'F'}, {'year': 1963, 'sex': 'F'}, {'year': 2018, 'sex': 'F'}, {'year': 1963, 'sex': 'F'}, {'year': 2015, 'sex': 'F'}, {'year': 2015, 'sex': 'F'}, {'year': 1962, 'sex': 'F'}, {'year': 2018, 'sex': 'F'}, {'year': 1961, 'sex': 'F'}, {'year': 2015, 'sex': 'F'}, {'year': 1960, 'sex': 'F'}, {'year': 1960, 'sex': 'F'}, {'year': 2015, 'sex': 'F'}, {'year': 1960, 'sex': 'F'}, {'year': 1959, 'sex': 'F'}, {'year': 2018, 'sex': 'F'}, {'year': 2015, 'sex': 'F'}, {'year': 1959, 'sex': 'F'}, {'year': 2015, 'sex': 'F'}, {'year': 1959, 'sex': 'F'}, {'year': 2015, 'sex': 'F'}, {'year': 1958, 'sex': 'F'}, {'year': 1957, 'sex': 'F'}, {'year': 1957, 'sex': 'F'}, {'year': 1956, 'sex': 'F'}, {'year': 1956, 'sex': 'F'}, {'year': 1955, 'sex': 'F'}, {'year': 2015, 'sex': 'F'}, {'year': 1954, 'sex': 'F'}, {'year': 1954, 'sex': 'F'}, {'year': 1953, 'sex': 'F'}, {'year': 1953, 'sex': 'F'}, {'year': 1953, 'sex': 'F'}, {'year': 1951, 'sex': 'F'}, {'year': 1951, 'sex': 'F'}, {'year': 2015, 'sex': 'F'}, {'year': 2015, 'sex': 'F'}, {'year': 1949, 'sex': 'F'}, {'year': 2015, 'sex': 'F'}, {'year': 1948, 'sex': 'F'}, {'year': 2015, 'sex': 'F'}, {'year': 2015, 'sex': 'F'}, {'year': 2015, 'sex': 'F'}, {'year': 2015, 'sex': 'F'}, {'year': 1946, 'sex': 'F'}, {'year': 1944, 'sex': 'F'}, {'year': 2015, 'sex': 'F'}, {'year': 1942, 'sex': 'F'}, {'year': 1942, 'sex': 'F'}, {'year': 2015, 'sex': 'F'}, {'year': 1935, 'sex': 'F'}, {'year': 1934, 'sex': 'F'}, {'year': 1934, 'sex': 'F'}, {'year': 1934, 'sex': 'F'}, {'year': 2015, 'sex': 'F'}, {'year': 1931, 'sex': 'F'}, {'year': 1929, 'sex': 'F'}, {'year': 2014, 'sex': 'F'}, {'year': 1924, 'sex': 'F'}, {'year': 1922, 'sex': 'F'}, {'year': 1922, 'sex': 'F'}, {'year': 2014, 'sex': 'F'}, {'year': 2014, 'sex': 'F'}, {'year': 1920, 'sex': 'F'}, {'year': 2014, 'sex': 'F'}, {'year': 2018, 'sex': 'F'}, {'year': 2014, 'sex': 'F'}, {'year': 1912, 'sex': 'F'}, {'year': 2014, 'sex': 'F'}, {'year': 2014, 'sex': 'F'}, {'year': 2014, 'sex': 'F'}, {'year': 1880, 'sex': 'F'}, {'year': 1880, 'sex': 'F'}, {'year': 2014, 'sex': 'F'}, {'year': 2014, 'sex': 'F'}, {'year': 2014, 'sex': 'F'}, {'year': 2014, 'sex': 'F'}, {'year': 2014, 'sex': 'F'}, {'year': 2014, 'sex': 'F'}, {'year': 2014, 'sex': 'F'}, {'year': 2014, 'sex': 'F'}, {'year': 2013, 'sex': 'F'}, {'year': 2013, 'sex': 'F'}, {'year': 2013, 'sex': 'F'}, {'year': 2013, 'sex': 'F'}, {'year': 2013, 'sex': 'F'}, {'year': 2013, 'sex': 'F'}, {'year': 2013, 'sex': 'F'}, {'year': 2013, 'sex': 'F'}, {'year': 2013, 'sex': 'F'}, {'year': 2013, 'sex': 'F'}, {'year': 2013, 'sex': 'F'}, {'year': 2013, 'sex': 'F'}, {'year': 2013, 'sex': 'F'}, {'year': 2012, 'sex': 'F'}, {'year': 2012, 'sex': 'F'}, {'year': 2012, 'sex': 'F'}, {'year': 2012, 'sex': 'F'}, {'year': 2012, 'sex': 'F'}, {'year': 2012, 'sex': 'F'}, {'year': 2012, 'sex': 'F'}, {'year': 2012, 'sex': 'F'}, {'year': 2018, 'sex': 'F'}, {'year': 2012, 'sex': 'F'}, {'year': 2012, 'sex': 'F'}, {'year': 2012, 'sex': 'F'}, {'year': 2012, 'sex': 'F'}, {'year': 2012, 'sex': 'F'}, {'year': 2012, 'sex': 'F'}, {'year': 2012, 'sex': 'F'}, {'year': 2018, 'sex': 'F'}, {'year': 2012, 'sex': 'F'}, {'year': 2012, 'sex': 'F'}, {'year': 2011, 'sex': 'F'}, {'year': 2011, 'sex': 'F'}, {'year': 2017, 'sex': 'F'}, {'year': 2011, 'sex': 'F'}, {'year': 2017, 'sex': 'F'}, {'year': 2011, 'sex': 'F'}, {'year': 2017, 'sex': 'F'}, {'year': 2011, 'sex': 'F'}, {'year': 2017, 'sex': 'F'}, {'year': 2011, 'sex': 'F'}]",
6,https://vega.github.io/schema/vega-lite/v2.json,761,719,,,,,#ffffff
7,https://vega.github.io/schema/vega-lite/v2.json,761,719,,,,,20
